2025-10-10 23:02:53,042 - INFO - 
--- Round 0 | trial=3 | sqrt_beta=1.0000 (beta=1.0000) | rho=0.75 | pack=batch | train size=10 ---
2025-10-10 23:03:48,193 - INFO - [bucb] step 1/5: rho=0.75 -> masked 0 / 999990 items
2025-10-10 23:03:48,201 - INFO - [bucb] pick 1/5: min-d_batch=1.000, min-d_hist=0.556
2025-10-10 23:03:53,951 - INFO - [bucb] step 2/5: rho=0.75 -> masked 6548 / 999990 items
2025-10-10 23:03:53,958 - INFO - [bucb] pick 2/5: min-d_batch=0.831, min-d_hist=0.680
2025-10-10 23:04:02,742 - INFO - [bucb] step 3/5: rho=0.75 -> masked 9039 / 999990 items
2025-10-10 23:04:02,750 - INFO - [bucb] pick 3/5: min-d_batch=0.831, min-d_hist=0.667
2025-10-10 23:04:14,494 - INFO - [bucb] step 4/5: rho=0.75 -> masked 9204 / 999990 items
2025-10-10 23:04:14,501 - INFO - [bucb] pick 4/5: min-d_batch=0.828, min-d_hist=0.643
2025-10-10 23:04:28,577 - INFO - [bucb] step 5/5: rho=0.75 -> masked 16920 / 999990 items
2025-10-10 23:04:28,584 - INFO - [bucb] pick 5/5: min-d_batch=0.849, min-d_hist=0.769
2025-10-10 23:04:32,012 - INFO - [round 0] pick 1/5: Cc1ccc(C(C)NC(=O)CCc2nc3ccccc3c(=O)[nH]2)cc1C | UCB=1.275 | mu=0.4109 | std=0.8645 | f=0.4001 | min-d_batch=1.000 | min-d_hist=0.556
2025-10-10 23:04:32,027 - INFO - [round 0] pick 2/5: Cc1ncc([N+](=O)[O-])n1CCOc1ccc(C=NNC(=O)c2cc(O)cc(O)c2)cc1 | UCB=1.252 | mu=0.3404 | std=0.9117 | f=0.5345 | min-d_batch=0.831 | min-d_hist=0.680
2025-10-10 23:04:32,043 - INFO - [round 0] pick 3/5: CC(NC(=O)C1(NC(=O)C(F)(F)F)CC1)c1ccc(-c2cc(Cl)ccc2-c2nnn(C)n2)cc1F | UCB=1.232 | mu=0.3065 | std=0.9257 | f=0.5259 | min-d_batch=0.831 | min-d_hist=0.667
2025-10-10 23:04:32,058 - INFO - [round 0] pick 4/5: O=C(OCC(=O)N1CCOCC1)c1ccc2ccccc2c1O | UCB=1.231 | mu=0.3184 | std=0.9124 | f=0.4762 | min-d_batch=0.828 | min-d_hist=0.643
2025-10-10 23:04:32,074 - INFO - [round 0] pick 5/5: CCc1c2c(nc3ccc(OCc4cn(CCCC(=O)NO)nn4)cc13)-c1cc3c(c(=O)n1C2)COC(=O)C3(O)CC | UCB=1.226 | mu=0.2743 | std=0.9516 | f=0.5988 | min-d_batch=0.849 | min-d_hist=0.769
2025-10-10 23:04:32,089 - INFO - Round 0 done in 99.05s; train size=15
2025-10-10 23:04:32,089 - INFO - 
--- Round 1 | trial=3 | sqrt_beta=1.0000 (beta=1.0000) | rho=0.75 | pack=batch | train size=15 ---
2025-10-10 23:05:52,135 - INFO - [bucb] step 1/5: rho=0.75 -> masked 0 / 999985 items
2025-10-10 23:05:52,142 - INFO - [bucb] pick 1/5: min-d_batch=1.000, min-d_hist=0.595
2025-10-10 23:05:58,518 - INFO - [bucb] step 2/5: rho=0.75 -> masked 735 / 999985 items
2025-10-10 23:05:58,525 - INFO - [bucb] pick 2/5: min-d_batch=0.861, min-d_hist=0.781
2025-10-10 23:06:07,921 - INFO - [bucb] step 3/5: rho=0.75 -> masked 2624 / 999985 items
2025-10-10 23:06:07,928 - INFO - [bucb] pick 3/5: min-d_batch=0.837, min-d_hist=0.756
2025-10-10 23:06:20,156 - INFO - [bucb] step 4/5: rho=0.75 -> masked 4622 / 999985 items
2025-10-10 23:06:20,163 - INFO - [bucb] pick 4/5: min-d_batch=0.846, min-d_hist=0.727
2025-10-10 23:06:35,336 - INFO - [bucb] step 5/5: rho=0.75 -> masked 5283 / 999985 items
2025-10-10 23:06:35,343 - INFO - [bucb] pick 5/5: min-d_batch=0.837, min-d_hist=0.792
2025-10-10 23:06:38,479 - INFO - [round 1] pick 1/5: CCC1(O)C(=O)OCc2c1cc1n(c2=O)Cc2c-1nc1ccccc1c2C=NNC(=O)C(N)CC(C)C | UCB=1.293 | mu=0.4132 | std=0.8798 | f=0.5835 | min-d_batch=1.000 | min-d_hist=0.595
2025-10-10 23:06:38,496 - INFO - [round 1] pick 2/5: Cc1ccc(-c2oc3cc(O)c(C(=O)O)cc3c2-c2cn(CCCC(=O)NC3CCCCC3)nn2)cc1 | UCB=1.292 | mu=0.3588 | std=0.9334 | f=0.474 | min-d_batch=0.861 | min-d_hist=0.781
2025-10-10 23:06:38,511 - INFO - [round 1] pick 3/5: O=C(Cn1cc(COc2ccc(Cl)c(Cl)c2)nn1)NS(=O)(=O)c1ccccc1C(F)(F)F | UCB=1.284 | mu=0.3621 | std=0.922 | f=0.5167 | min-d_batch=0.837 | min-d_hist=0.756
2025-10-10 23:06:38,527 - INFO - [round 1] pick 4/5: CCOC(=O)c1cn(CC(O)Cn2c([N+](=O)[O-])cnc2C)c2ccc(F)cc2c1=O | UCB=1.278 | mu=0.354 | std=0.9239 | f=0.5495 | min-d_batch=0.846 | min-d_hist=0.727
2025-10-10 23:06:38,543 - INFO - [round 1] pick 5/5: CC(C)c1ccc(C=NNC(=O)c2nnn(-c3nonc3N)c2CN2CCOCC2)cc1 | UCB=1.267 | mu=0.3256 | std=0.9413 | f=0.5649 | min-d_batch=0.837 | min-d_hist=0.792
2025-10-10 23:06:38,558 - INFO - Round 1 done in 126.47s; train size=20
2025-10-10 23:06:38,558 - INFO - 
--- Round 2 | trial=3 | sqrt_beta=1.0000 (beta=1.0000) | rho=0.75 | pack=batch | train size=20 ---
2025-10-10 23:08:27,494 - INFO - [bucb] step 1/5: rho=0.75 -> masked 0 / 999980 items
2025-10-10 23:08:27,501 - INFO - [bucb] pick 1/5: min-d_batch=1.000, min-d_hist=0.703
2025-10-10 23:08:33,285 - INFO - [bucb] step 2/5: rho=0.75 -> masked 5236 / 999980 items
2025-10-10 23:08:33,292 - INFO - [bucb] pick 2/5: min-d_batch=0.843, min-d_hist=0.721
2025-10-10 23:08:42,391 - INFO - [bucb] step 3/5: rho=0.75 -> masked 6510 / 999980 items
2025-10-10 23:08:42,398 - INFO - [bucb] pick 3/5: min-d_batch=0.810, min-d_hist=0.787
2025-10-10 23:08:54,374 - INFO - [bucb] step 4/5: rho=0.75 -> masked 8587 / 999980 items
2025-10-10 23:08:54,382 - INFO - [bucb] pick 4/5: min-d_batch=0.854, min-d_hist=0.675
2025-10-10 23:09:08,870 - INFO - [bucb] step 5/5: rho=0.75 -> masked 9490 / 999980 items
2025-10-10 23:09:08,878 - INFO - [bucb] pick 5/5: min-d_batch=0.842, min-d_hist=0.727
2025-10-10 23:09:12,098 - INFO - [round 2] pick 1/5: CC(C)CCn1c(=O)c(C(=O)NN=Cc2cccc(F)c2)c(O)c2ccccc21 | UCB=1.332 | mu=0.4455 | std=0.8867 | f=0.5403 | min-d_batch=1.000 | min-d_hist=0.703
2025-10-10 23:09:12,115 - INFO - [round 2] pick 2/5: CC(C)c1cc(-n2nnc(C(=O)NCCCCCCC(=O)NO)c2-c2ccc(CN3CCOCC3)cc2)c(O)cc1O | UCB=1.322 | mu=0.4086 | std=0.9132 | f=0.6555 | min-d_batch=0.843 | min-d_hist=0.721
2025-10-10 23:09:12,131 - INFO - [round 2] pick 3/5: Cc1noc(Cn2c(=O)c3cc4c(cc3n(CC(=O)Nc3ccc(C(C)C)cc3)c2=O)OCO4)n1 | UCB=1.325 | mu=0.403 | std=0.9223 | f=0.5498 | min-d_batch=0.810 | min-d_hist=0.787
2025-10-10 23:09:12,148 - INFO - [round 2] pick 4/5: CCOC(=O)c1nnn(-c2nonc2N)c1COc1ccc(F)cc1 | UCB=1.301 | mu=0.3908 | std=0.9105 | f=0.4341 | min-d_batch=0.854 | min-d_hist=0.675
2025-10-10 23:09:12,164 - INFO - [round 2] pick 5/5: Cc1ncc([N+](=O)[O-])n1CCNC(=O)N1CCC(c2cc(-c3ccc(Cl)cc3Cl)[nH]n2)CC1 | UCB=1.302 | mu=0.383 | std=0.9188 | f=0.6018 | min-d_batch=0.842 | min-d_hist=0.727
2025-10-10 23:09:12,180 - INFO - Round 2 done in 153.62s; train size=25
2025-10-10 23:09:12,181 - INFO - 
--- Round 3 | trial=3 | sqrt_beta=1.0000 (beta=1.0000) | rho=0.75 | pack=batch | train size=25 ---
2025-10-10 23:11:26,510 - INFO - [bucb] step 1/5: rho=0.75 -> masked 0 / 999975 items
2025-10-10 23:11:26,517 - INFO - [bucb] pick 1/5: min-d_batch=1.000, min-d_hist=0.737
2025-10-10 23:11:32,800 - INFO - [bucb] step 2/5: rho=0.75 -> masked 6910 / 999975 items
2025-10-10 23:11:32,807 - INFO - [bucb] pick 2/5: min-d_batch=0.812, min-d_hist=0.712
2025-10-10 23:11:41,912 - INFO - [bucb] step 3/5: rho=0.75 -> masked 8110 / 999975 items
2025-10-10 23:11:41,919 - INFO - [bucb] pick 3/5: min-d_batch=0.833, min-d_hist=0.736
2025-10-10 23:11:53,860 - INFO - [bucb] step 4/5: rho=0.75 -> masked 9904 / 999975 items
2025-10-10 23:11:53,867 - INFO - [bucb] pick 4/5: min-d_batch=0.841, min-d_hist=0.781
2025-10-10 23:12:08,303 - INFO - [bucb] step 5/5: rho=0.75 -> masked 11417 / 999975 items
2025-10-10 23:12:08,311 - INFO - [bucb] pick 5/5: min-d_batch=0.831, min-d_hist=0.779
2025-10-10 23:12:11,392 - INFO - [round 3] pick 1/5: CC(C)NC(=O)Cn1c(-c2cccc(Cl)c2)nc2ccc(OCCCN3CCOCC3)cc2c1=O | UCB=1.375 | mu=0.4791 | std=0.8961 | f=0.6235 | min-d_batch=1.000 | min-d_hist=0.737
2025-10-10 23:12:11,409 - INFO - [round 3] pick 2/5: CCNC(=O)c1noc(-c2cc(C(C)C)c(O)cc2O)c1NC(=O)c1ccc(N2CCCC2)cc1 | UCB=1.361 | mu=0.4503 | std=0.9109 | f=0.5669 | min-d_batch=0.812 | min-d_hist=0.712
2025-10-10 23:12:11,426 - INFO - [round 3] pick 3/5: COc1cc(C=NNC(=O)c2cn(C3CC3)c3cc(Cl)c(F)cc3c2=O)ccc1O | UCB=1.346 | mu=0.4324 | std=0.9139 | f=0.555 | min-d_batch=0.833 | min-d_hist=0.736
2025-10-10 23:12:11,443 - INFO - [round 3] pick 4/5: CC(C(=O)NCCCCCC(=O)O)n1nnc2ccccc2c1=O | UCB=1.326 | mu=0.3975 | std=0.9284 | f=0.5878 | min-d_batch=0.841 | min-d_hist=0.781
2025-10-10 23:12:11,460 - INFO - [round 3] pick 5/5: O=C(Cn1nnnc1-c1ccc2c(c1)OCO2)NN=Cc1ccccc1[N+](=O)[O-] | UCB=1.329 | mu=0.4099 | std=0.9193 | f=0.5164 | min-d_batch=0.831 | min-d_hist=0.779
2025-10-10 23:12:11,478 - INFO - Round 3 done in 179.30s; train size=30
2025-10-10 23:12:11,478 - INFO - 
--- Round 4 | trial=3 | sqrt_beta=1.0000 (beta=1.0000) | rho=0.75 | pack=batch | train size=30 ---
2025-10-10 23:14:49,506 - INFO - [bucb] step 1/5: rho=0.75 -> masked 0 / 999970 items
2025-10-10 23:14:49,513 - INFO - [bucb] pick 1/5: min-d_batch=1.000, min-d_hist=0.667
2025-10-10 23:14:55,721 - INFO - [bucb] step 2/5: rho=0.75 -> masked 9026 / 999970 items
2025-10-10 23:14:55,728 - INFO - [bucb] pick 2/5: min-d_batch=0.819, min-d_hist=0.781
2025-10-10 23:15:04,901 - INFO - [bucb] step 3/5: rho=0.75 -> masked 9545 / 999970 items
2025-10-10 23:15:04,909 - INFO - [bucb] pick 3/5: min-d_batch=0.844, min-d_hist=0.773
2025-10-10 23:15:16,382 - INFO - [bucb] step 4/5: rho=0.75 -> masked 10750 / 999970 items
2025-10-10 23:15:16,390 - INFO - [bucb] pick 4/5: min-d_batch=0.837, min-d_hist=0.783
2025-10-10 23:15:30,646 - INFO - [bucb] step 5/5: rho=0.75 -> masked 16306 / 999970 items
2025-10-10 23:15:30,654 - INFO - [bucb] pick 5/5: min-d_batch=0.838, min-d_hist=0.731
2025-10-10 23:15:33,764 - INFO - [round 4] pick 1/5: COc1ccc(-n2nc(C(=O)NCC(=O)NCCCN3CCOCC3)c3ccccc3c2=O)cc1Cl | UCB=1.393 | mu=0.515 | std=0.8777 | f=0.61 | min-d_batch=1.000 | min-d_hist=0.667
2025-10-10 23:15:33,783 - INFO - [round 4] pick 2/5: CC(C)c1cn(CC(NC(=O)c2c(Cl)cc3c(c2Cl)CCN(C(=O)c2ccc(Cl)cc2)C3)C(=O)O)nn1 | UCB=1.37 | mu=0.4492 | std=0.9212 | f=0.5608 | min-d_batch=0.819 | min-d_hist=0.781
2025-10-10 23:15:33,802 - INFO - [round 4] pick 3/5: O=C(O)Cn1c(=O)c(-c2ccc(O)cc2O)nc2ccc(F)cc21 | UCB=1.356 | mu=0.4408 | std=0.9156 | f=0.5554 | min-d_batch=0.844 | min-d_hist=0.773
2025-10-10 23:15:33,820 - INFO - [round 4] pick 4/5: CC(C)c1ccc(S(=O)(=O)N2CCC(CCCC(=O)NO)CC2)cc1 | UCB=1.35 | mu=0.4257 | std=0.9239 | f=0.6415 | min-d_batch=0.837 | min-d_hist=0.783
2025-10-10 23:15:33,839 - INFO - [round 4] pick 5/5: Cc1ncc(Cn2nnc(C(=O)NN=Cc3ccc(Cl)c([N+](=O)[O-])c3)c2C)c(N)n1 | UCB=1.339 | mu=0.4356 | std=0.9035 | f=0.4638 | min-d_batch=0.838 | min-d_hist=0.731
2025-10-10 23:15:33,859 - INFO - Round 4 done in 202.38s; train size=35
2025-10-10 23:15:33,859 - INFO - 
--- Round 5 | trial=3 | sqrt_beta=1.0000 (beta=1.0000) | rho=0.75 | pack=batch | train size=35 ---
2025-10-10 23:18:43,470 - INFO - [bucb] step 1/5: rho=0.75 -> masked 0 / 999965 items
2025-10-10 23:18:43,477 - INFO - [bucb] pick 1/5: min-d_batch=1.000, min-d_hist=0.696
2025-10-10 23:18:49,430 - INFO - [bucb] step 2/5: rho=0.75 -> masked 4891 / 999965 items
2025-10-10 23:18:49,437 - INFO - [bucb] pick 2/5: min-d_batch=0.795, min-d_hist=0.683
2025-10-10 23:18:58,329 - INFO - [bucb] step 3/5: rho=0.75 -> masked 16918 / 999965 items
2025-10-10 23:18:58,337 - INFO - [bucb] pick 3/5: min-d_batch=0.824, min-d_hist=0.756
2025-10-10 23:19:10,476 - INFO - [bucb] step 4/5: rho=0.75 -> masked 17394 / 999965 items
2025-10-10 23:19:10,483 - INFO - [bucb] pick 4/5: min-d_batch=0.837, min-d_hist=0.787
2025-10-10 23:19:25,030 - INFO - [bucb] step 5/5: rho=0.75 -> masked 18559 / 999965 items
2025-10-10 23:19:25,038 - INFO - [bucb] pick 5/5: min-d_batch=0.825, min-d_hist=0.782
2025-10-10 23:19:28,248 - INFO - [round 5] pick 1/5: CC(C)C(NC(=O)c1ccc(O)c(-c2ccc(Cl)c(Cl)c2)c1)C(=O)NCCN1CCOCC1 | UCB=1.405 | mu=0.532 | std=0.8734 | f=0.6242 | min-d_batch=1.000 | min-d_hist=0.696
2025-10-10 23:19:28,269 - INFO - [round 5] pick 2/5: COc1ccc(S(=O)(=O)N2CCOCC2)cc1NC(=O)Cn1nnc2ccccc2c1=O | UCB=1.402 | mu=0.5264 | std=0.8759 | f=0.5639 | min-d_batch=0.795 | min-d_hist=0.683
2025-10-10 23:19:28,290 - INFO - [round 5] pick 3/5: CN1c2ccc(NC(=O)CCCCC(=O)NO)cc2C(=O)N2CCc3c([nH]c4ccc(O)cc34)C21 | UCB=1.384 | mu=0.4695 | std=0.9149 | f=0.6269 | min-d_batch=0.824 | min-d_hist=0.756
2025-10-10 23:19:28,310 - INFO - [round 5] pick 4/5: CC(C)NC(=O)c1nn(-c2ccc([N+](=O)[O-])cc2)c(=O)c2c(N)scc12 | UCB=1.372 | mu=0.4534 | std=0.9182 | f=0.4807 | min-d_batch=0.837 | min-d_hist=0.787
2025-10-10 23:19:28,331 - INFO - [round 5] pick 5/5: CCn1cc(C(=O)O)c(=O)c2cc(F)c(N3CCN(C(c4ccc(C(C)C)cc4)c4nnnn4C(C)(C)C)CC3)cc21 | UCB=1.377 | mu=0.4632 | std=0.9137 | f=0.6021 | min-d_batch=0.825 | min-d_hist=0.782
2025-10-10 23:19:28,353 - INFO - Round 5 done in 234.49s; train size=40
2025-10-10 23:19:28,353 - INFO - 
--- Round 6 | trial=3 | sqrt_beta=1.0000 (beta=1.0000) | rho=0.75 | pack=batch | train size=40 ---
2025-10-10 23:23:09,449 - INFO - [bucb] step 1/5: rho=0.75 -> masked 0 / 999960 items
2025-10-10 23:23:09,457 - INFO - [bucb] pick 1/5: min-d_batch=1.000, min-d_hist=0.687
2025-10-10 23:23:15,573 - INFO - [bucb] step 2/5: rho=0.75 -> masked 2564 / 999960 items
2025-10-10 23:23:15,580 - INFO - [bucb] pick 2/5: min-d_batch=0.807, min-d_hist=0.679
2025-10-10 23:23:24,504 - INFO - [bucb] step 3/5: rho=0.75 -> masked 10475 / 999960 items
2025-10-10 23:23:24,512 - INFO - [bucb] pick 3/5: min-d_batch=0.815, min-d_hist=0.775
2025-10-10 23:23:36,259 - INFO - [bucb] step 4/5: rho=0.75 -> masked 10696 / 999960 items
2025-10-10 23:23:36,266 - INFO - [bucb] pick 4/5: min-d_batch=0.821, min-d_hist=0.779
2025-10-10 23:23:50,969 - INFO - [bucb] step 5/5: rho=0.75 -> masked 12661 / 999960 items
2025-10-10 23:23:50,977 - INFO - [bucb] pick 5/5: min-d_batch=0.815, min-d_hist=0.736
2025-10-10 23:23:54,015 - INFO - [round 6] pick 1/5: CCCCn1cc(C(=O)NCc2ccc(O)cc2)c(=O)c2cc(F)c(N3CCC(C(N)=O)CC3)cc21 | UCB=1.417 | mu=0.5343 | std=0.8826 | f=0.6157 | min-d_batch=1.000 | min-d_hist=0.687
2025-10-10 23:23:54,037 - INFO - [round 6] pick 2/5: CC(C)Cn1c(=O)c(CCC(=O)Nc2ccc(N3CCOCC3)cc2)nc2cc(Cl)ccc21 | UCB=1.41 | mu=0.5312 | std=0.8791 | f=0.4537 | min-d_batch=0.807 | min-d_hist=0.679
2025-10-10 23:23:54,060 - INFO - [round 6] pick 3/5: CC(C)C(NC(=O)Cn1c(-c2ccc(F)cc2)ncc(N)c1=O)C(=O)c1nnc(C2(C)CC2)o1 | UCB=1.386 | mu=0.4768 | std=0.909 | f=0.4948 | min-d_batch=0.815 | min-d_hist=0.775
2025-10-10 23:23:54,083 - INFO - [round 6] pick 4/5: O=C(O)CCNc1nc(NC(=O)Nc2ccc(Cl)c(Cl)c2)nc2ccc([N+](=O)[O-])cc12 | UCB=1.379 | mu=0.4666 | std=0.9127 | f=0.5098 | min-d_batch=0.821 | min-d_hist=0.779
2025-10-10 23:23:54,106 - INFO - [round 6] pick 5/5: CC(C)n1nc(C(=O)NCC2CCN(CCNS(C)(=O)=O)CC2)c2ccccc21 | UCB=1.377 | mu=0.472 | std=0.9054 | f=0.6211 | min-d_batch=0.815 | min-d_hist=0.736
2025-10-10 23:23:54,129 - INFO - Round 6 done in 265.78s; train size=45
2025-10-10 23:23:54,129 - INFO - 
--- Round 7 | trial=3 | sqrt_beta=1.0000 (beta=1.0000) | rho=0.75 | pack=batch | train size=45 ---
2025-10-10 23:27:46,053 - INFO - [bucb] step 1/5: rho=0.75 -> masked 0 / 999955 items
2025-10-10 23:27:46,061 - INFO - [bucb] pick 1/5: min-d_batch=1.000, min-d_hist=0.730
2025-10-10 23:27:51,939 - INFO - [bucb] step 2/5: rho=0.75 -> masked 3607 / 999955 items
2025-10-10 23:27:51,946 - INFO - [bucb] pick 2/5: min-d_batch=0.802, min-d_hist=0.713
2025-10-10 23:28:00,803 - INFO - [bucb] step 3/5: rho=0.75 -> masked 4398 / 999955 items
2025-10-10 23:28:00,811 - INFO - [bucb] pick 3/5: min-d_batch=0.830, min-d_hist=0.691
2025-10-10 23:28:12,604 - INFO - [bucb] step 4/5: rho=0.75 -> masked 6855 / 999955 items
2025-10-10 23:28:12,611 - INFO - [bucb] pick 4/5: min-d_batch=0.818, min-d_hist=0.768
2025-10-10 23:28:27,275 - INFO - [bucb] step 5/5: rho=0.75 -> masked 8338 / 999955 items
2025-10-10 23:28:27,282 - INFO - [bucb] pick 5/5: min-d_batch=0.844, min-d_hist=0.769
2025-10-10 23:28:30,247 - INFO - [round 7] pick 1/5: CC(C)c1ccc2nc3ccc(C(=O)NCCN4CCN(C)CC4)cn3c(=O)c2c1 | UCB=1.421 | mu=0.5341 | std=0.887 | f=0.3342 | min-d_batch=1.000 | min-d_hist=0.730
2025-10-10 23:28:30,272 - INFO - [round 7] pick 2/5: O=C(O)CN1CCC(CNC(=O)c2n[nH]c3ccc(-c4cccc(F)c4F)cc23)CC1 | UCB=1.412 | mu=0.5162 | std=0.8955 | f=0.6462 | min-d_batch=0.802 | min-d_hist=0.713
2025-10-10 23:28:30,297 - INFO - [round 7] pick 3/5: Nc1ccccc1NC(=O)CCCCCN1C(=O)c2cc(O)c(CN3CCOCC3)cc2C1=O | UCB=1.4 | mu=0.5119 | std=0.8876 | f=0.6411 | min-d_batch=0.830 | min-d_hist=0.691
2025-10-10 23:28:30,323 - INFO - [round 7] pick 4/5: [H]C([H])([H])S(=O)(=O)c1cc(C(C)O)c2c(c1)c1c(n2Cc2ccc(Cl)cc2)C(CC(=O)O)CC1 | UCB=1.398 | mu=0.4889 | std=0.909 | f=0.599 | min-d_batch=0.818 | min-d_hist=0.768
2025-10-10 23:28:30,349 - INFO - [round 7] pick 5/5: N=C(N)NCCCc1cn(CC(=O)NC(CC(=O)O)c2ccc(O)cc2)nn1 | UCB=1.37 | mu=0.452 | std=0.9182 | f=0.5756 | min-d_batch=0.844 | min-d_hist=0.769
2025-10-10 23:28:30,375 - INFO - Round 7 done in 276.25s; train size=50
2025-10-10 23:28:30,375 - INFO - 
--- Round 8 | trial=3 | sqrt_beta=1.0000 (beta=1.0000) | rho=0.75 | pack=batch | train size=50 ---
2025-10-10 23:33:04,059 - INFO - [bucb] step 1/5: rho=0.75 -> masked 0 / 999950 items
2025-10-10 23:33:04,067 - INFO - [bucb] pick 1/5: min-d_batch=1.000, min-d_hist=0.742
2025-10-10 23:33:09,973 - INFO - [bucb] step 2/5: rho=0.75 -> masked 1471 / 999950 items
2025-10-10 23:33:09,981 - INFO - [bucb] pick 2/5: min-d_batch=0.830, min-d_hist=0.685
2025-10-10 23:33:18,974 - INFO - [bucb] step 3/5: rho=0.75 -> masked 4911 / 999950 items
2025-10-10 23:33:18,981 - INFO - [bucb] pick 3/5: min-d_batch=0.831, min-d_hist=0.731
2025-10-10 23:33:30,720 - INFO - [bucb] step 4/5: rho=0.75 -> masked 6050 / 999950 items
2025-10-10 23:33:30,727 - INFO - [bucb] pick 4/5: min-d_batch=0.813, min-d_hist=0.785
2025-10-10 23:33:45,486 - INFO - [bucb] step 5/5: rho=0.75 -> masked 6834 / 999950 items
2025-10-10 23:33:45,494 - INFO - [bucb] pick 5/5: min-d_batch=0.828, min-d_hist=0.683
2025-10-10 23:33:48,530 - INFO - [round 8] pick 1/5: CNC(=O)c1c(O)c2ncc(Cc3ccc(F)cc3)cc2n(CC(=O)NCC2CC2)c1=O | UCB=1.418 | mu=0.5313 | std=0.887 | f=0.5969 | min-d_batch=1.000 | min-d_hist=0.742
2025-10-10 23:33:48,558 - INFO - [round 8] pick 2/5: CC(C(=O)NN=C1C(=O)Nc2ccc(S(=O)(=O)NCCN3CCOCC3)cc21)c1ccc(O)cc1 | UCB=1.413 | mu=0.533 | std=0.8798 | f=0.6083 | min-d_batch=0.830 | min-d_hist=0.685
2025-10-10 23:33:48,586 - INFO - [round 8] pick 3/5: O=C(O)CCCCCc1c(C(=O)O)n(Cc2cc3c(cc2Cl)OCO3)c2ccccc2c1=O | UCB=1.397 | mu=0.5038 | std=0.8932 | f=0.6279 | min-d_batch=0.831 | min-d_hist=0.731
2025-10-10 23:33:48,613 - INFO - [round 8] pick 4/5: CS(=O)(=O)c1ccc(-c2nnn3c2CN(C(=O)CC(N)Cc2cc(F)c(F)cc2F)CC3)cc1 | UCB=1.398 | mu=0.4828 | std=0.9151 | f=0.6171 | min-d_batch=0.813 | min-d_hist=0.785
2025-10-10 23:33:48,642 - INFO - [round 8] pick 5/5: CC(C)N1CCN(c2nccc3ccc(NC(=O)CCCCCCC(=O)NO)cc23)CC1 | UCB=1.398 | mu=0.5141 | std=0.8837 | f=0.6762 | min-d_batch=0.828 | min-d_hist=0.683
2025-10-10 23:33:48,670 - INFO - Round 8 done in 318.30s; train size=55
2025-10-10 23:33:48,671 - INFO - 
--- Round 9 | trial=3 | sqrt_beta=1.0000 (beta=1.0000) | rho=0.75 | pack=batch | train size=55 ---
2025-10-10 23:38:40,071 - INFO - [bucb] step 1/5: rho=0.75 -> masked 0 / 999945 items
2025-10-10 23:38:40,079 - INFO - [bucb] pick 1/5: min-d_batch=1.000, min-d_hist=0.756
2025-10-10 23:38:45,979 - INFO - [bucb] step 2/5: rho=0.75 -> masked 2641 / 999945 items
2025-10-10 23:38:45,986 - INFO - [bucb] pick 2/5: min-d_batch=0.837, min-d_hist=0.767
2025-10-10 23:38:54,946 - INFO - [bucb] step 3/5: rho=0.75 -> masked 3002 / 999945 items
2025-10-10 23:38:54,955 - INFO - [bucb] pick 3/5: min-d_batch=0.814, min-d_hist=0.731
2025-10-10 23:39:06,470 - INFO - [bucb] step 4/5: rho=0.75 -> masked 8339 / 999945 items
2025-10-10 23:39:06,478 - INFO - [bucb] pick 4/5: min-d_batch=0.811, min-d_hist=0.750
2025-10-10 23:39:20,879 - INFO - [bucb] step 5/5: rho=0.75 -> masked 9491 / 999945 items
2025-10-10 23:39:20,887 - INFO - [bucb] pick 5/5: min-d_batch=0.815, min-d_hist=0.751
2025-10-10 23:39:24,149 - INFO - [round 9] pick 1/5: CCCc1cc(F)cc(C=NNC(=O)CN2CCN(Cc3ccc(S(N)(=O)=O)cc3)CC2)c1O | UCB=1.427 | mu=0.5335 | std=0.8936 | f=0.6633 | min-d_batch=1.000 | min-d_hist=0.756
2025-10-10 23:39:24,187 - INFO - [round 9] pick 2/5: CC(CC(=O)O)NC1CCN(c2nc3c(-c4ccc(F)cc4F)cc(C(=O)O)c(=O)n3cc2F)C1 | UCB=1.418 | mu=0.5103 | std=0.9074 | f=0.6035 | min-d_batch=0.837 | min-d_hist=0.767
2025-10-10 23:39:24,224 - INFO - [round 9] pick 3/5: CCn1c2ccccc2c2cc(NC(=O)CCCN3C(=O)CCC3=O)ccc21 | UCB=1.416 | mu=0.5427 | std=0.8737 | f=0.3731 | min-d_batch=0.814 | min-d_hist=0.731
2025-10-10 23:39:24,256 - INFO - [round 9] pick 4/5: CC(C)N1CCC(C(=O)Nc2c(O)cc(Cl)cc2C(=O)Nc2ccc(Cl)cn2)CC1 | UCB=1.409 | mu=0.5092 | std=0.8993 | f=0.5787 | min-d_batch=0.811 | min-d_hist=0.750
2025-10-10 23:39:24,294 - INFO - [round 9] pick 5/5: O=C(CCCCCn1cc(-c2ccc3ncnc(Nc4cccc(Cl)c4F)c3c2)nn1)NO | UCB=1.396 | mu=0.4975 | std=0.8982 | f=0.5623 | min-d_batch=0.815 | min-d_hist=0.751
2025-10-10 23:39:24,326 - INFO - Round 9 done in 335.66s; train size=60
2025-10-10 23:39:24,326 - INFO - 
--- Round 10 | trial=3 | sqrt_beta=1.0000 (beta=1.0000) | rho=0.75 | pack=batch | train size=60 ---
2025-10-10 23:44:40,390 - INFO - [bucb] step 1/5: rho=0.75 -> masked 0 / 999940 items
2025-10-10 23:44:40,398 - INFO - [bucb] pick 1/5: min-d_batch=1.000, min-d_hist=0.730
2025-10-10 23:44:46,506 - INFO - [bucb] step 2/5: rho=0.75 -> masked 333 / 999940 items
2025-10-10 23:44:46,514 - INFO - [bucb] pick 2/5: min-d_batch=0.820, min-d_hist=0.725
2025-10-10 23:44:55,505 - INFO - [bucb] step 3/5: rho=0.75 -> masked 803 / 999940 items
2025-10-10 23:44:55,513 - INFO - [bucb] pick 3/5: min-d_batch=0.818, min-d_hist=0.759
2025-10-10 23:45:07,561 - INFO - [bucb] step 4/5: rho=0.75 -> masked 1425 / 999940 items
2025-10-10 23:45:07,568 - INFO - [bucb] pick 4/5: min-d_batch=0.828, min-d_hist=0.736
2025-10-10 23:45:22,553 - INFO - [bucb] step 5/5: rho=0.75 -> masked 2287 / 999940 items
2025-10-10 23:45:22,561 - INFO - [bucb] pick 5/5: min-d_batch=0.836, min-d_hist=0.731
2025-10-10 23:45:25,470 - INFO - [round 10] pick 1/5: CCCCc1cc(-c2nc(NC(=O)c3cnc(N4CCC(C(=O)O)CC4)c(Cl)c3)sc2F)ccc1F | UCB=1.429 | mu=0.5335 | std=0.8956 | f=0.2922 | min-d_batch=1.000 | min-d_hist=0.730
2025-10-10 23:45:25,504 - INFO - [round 10] pick 2/5: CNC(=O)CN1CCc2c(c3c(O)cc(C(C)CCCc4ccc(F)cc4)cc3oc2=O)C1 | UCB=1.426 | mu=0.5339 | std=0.8925 | f=0.5744 | min-d_batch=0.820 | min-d_hist=0.725
2025-10-10 23:45:25,536 - INFO - [round 10] pick 3/5: NS(=O)(=O)c1ccc2c(C(=O)NCC(O)CN3CCC(Oc4ccc(Cl)c(Cl)c4)CC3)c[nH]c(=O)c2c1 | UCB=1.424 | mu=0.5292 | std=0.8952 | f=0.6667 | min-d_batch=0.818 | min-d_hist=0.759
2025-10-10 23:45:25,569 - INFO - [round 10] pick 4/5: O=C(O)CCCCn1cc(-c2cccc3c(=O)cc(N4CCOCC4)[nH]c23)nn1 | UCB=1.412 | mu=0.5293 | std=0.8829 | f=0.6408 | min-d_batch=0.828 | min-d_hist=0.736
2025-10-10 23:45:25,603 - INFO - [round 10] pick 5/5: Cc1cc(Cl)ccc1NC(=O)CCC(=O)NN=Cc1cc([N+](=O)[O-])ccc1O | UCB=1.398 | mu=0.5109 | std=0.8874 | f=0.5674 | min-d_batch=0.836 | min-d_hist=0.731
2025-10-10 23:45:25,637 - INFO - Round 10 done in 361.31s; train size=65
2025-10-10 23:45:25,637 - INFO - 
--- Round 11 | trial=3 | sqrt_beta=1.0000 (beta=1.0000) | rho=0.75 | pack=batch | train size=65 ---
2025-10-10 23:51:17,025 - INFO - [bucb] step 1/5: rho=0.75 -> masked 0 / 999935 items
2025-10-10 23:51:17,029 - INFO - [bucb] pick 1/5: min-d_batch=1.000, min-d_hist=0.775
2025-10-10 23:51:23,371 - INFO - [bucb] step 2/5: rho=0.75 -> masked 869 / 999935 items
2025-10-10 23:51:23,379 - INFO - [bucb] pick 2/5: min-d_batch=0.814, min-d_hist=0.735
2025-10-10 23:51:32,461 - INFO - [bucb] step 3/5: rho=0.75 -> masked 1788 / 999935 items
2025-10-10 23:51:32,469 - INFO - [bucb] pick 3/5: min-d_batch=0.825, min-d_hist=0.731
2025-10-10 23:51:44,518 - INFO - [bucb] step 4/5: rho=0.75 -> masked 6210 / 999935 items
2025-10-10 23:51:44,525 - INFO - [bucb] pick 4/5: min-d_batch=0.824, min-d_hist=0.761
2025-10-10 23:51:59,688 - INFO - [bucb] step 5/5: rho=0.75 -> masked 6651 / 999935 items
2025-10-10 23:51:59,695 - INFO - [bucb] pick 5/5: min-d_batch=0.858, min-d_hist=0.764
2025-10-10 23:52:03,001 - INFO - [round 11] pick 1/5: CC(C)CC(NCCCC(=O)O)c1cc(F)ccc1N1CCN(C(=O)C(Cc2ccc(Cl)cc2Cl)N2CCCC2=O)CC1 | UCB=1.427 | mu=0.5278 | std=0.8991 | f=0.4347 | min-d_batch=1.000 | min-d_hist=0.775
2025-10-10 23:52:03,038 - INFO - [round 11] pick 2/5: CCC1CCN(C(=O)C(CCCN=C(N)N)NS(=O)(=O)c2ccc3ccc(O)cc3c2)CC1 | UCB=1.424 | mu=0.5241 | std=0.9003 | f=0.6597 | min-d_batch=0.814 | min-d_hist=0.735
2025-10-10 23:52:03,074 - INFO - [round 11] pick 3/5: O=C(O)c1cn(Cc2ccc(C(F)(F)F)cc2)c2c(F)c(NCCN3CCOCC3)c(F)cc2c1=O | UCB=1.418 | mu=0.5439 | std=0.8742 | f=0.5752 | min-d_batch=0.825 | min-d_hist=0.731
2025-10-10 23:52:03,110 - INFO - [round 11] pick 4/5: CN1CC(c2nc(C(=O)NCc3ccc(F)cc3S(C)(=O)=O)c(O)c3ncccc23)CC1=O | UCB=1.414 | mu=0.5101 | std=0.904 | f=0.5715 | min-d_batch=0.824 | min-d_hist=0.761
2025-10-10 23:52:03,148 - INFO - [round 11] pick 5/5: Nc1ncnc2c1ncn2C1OC(CNC(=O)CCCCCC(=O)Nc2cccc3c2CNC3=O)C(O)C1O | UCB=1.377 | mu=0.4545 | std=0.9229 | f=0.6084 | min-d_batch=0.858 | min-d_hist=0.764
2025-10-10 23:52:03,185 - INFO - Round 11 done in 397.55s; train size=70
2025-10-10 23:52:03,185 - INFO - 
--- Round 12 | trial=3 | sqrt_beta=1.0000 (beta=1.0000) | rho=0.75 | pack=batch | train size=70 ---
2025-10-10 23:58:25,106 - INFO - [bucb] step 1/5: rho=0.75 -> masked 0 / 999930 items
2025-10-10 23:58:25,111 - INFO - [bucb] pick 1/5: min-d_batch=1.000, min-d_hist=0.714
2025-10-10 23:58:31,001 - INFO - [bucb] step 2/5: rho=0.75 -> masked 1626 / 999930 items
2025-10-10 23:58:31,009 - INFO - [bucb] pick 2/5: min-d_batch=0.850, min-d_hist=0.740
2025-10-10 23:58:40,026 - INFO - [bucb] step 3/5: rho=0.75 -> masked 2736 / 999930 items
2025-10-10 23:58:40,034 - INFO - [bucb] pick 3/5: min-d_batch=0.841, min-d_hist=0.776
2025-10-10 23:58:51,466 - INFO - [bucb] step 4/5: rho=0.75 -> masked 3539 / 999930 items
2025-10-10 23:58:51,474 - INFO - [bucb] pick 4/5: min-d_batch=0.828, min-d_hist=0.741
2025-10-10 23:59:06,168 - INFO - [bucb] step 5/5: rho=0.75 -> masked 5104 / 999930 items
2025-10-10 23:59:06,176 - INFO - [bucb] pick 5/5: min-d_batch=0.833, min-d_hist=0.755
2025-10-10 23:59:09,058 - INFO - [round 12] pick 1/5: O=S(=O)(NCCCCN1CCC(c2noc3cc(F)ccc23)CC1)c1ccc(Cl)c(Cl)c1 | UCB=1.428 | mu=0.5424 | std=0.8855 | f=0.3665 | min-d_batch=1.000 | min-d_hist=0.714
2025-10-10 23:59:09,097 - INFO - [round 12] pick 2/5: Nc1nc(N)c2cc3c(nc2n1)CCN(Cc1ccc(C(=O)NC(CCC(=O)O)C(=O)O)cc1)C3 | UCB=1.419 | mu=0.5163 | std=0.9031 | f=0.5928 | min-d_batch=0.850 | min-d_hist=0.740
2025-10-10 23:59:09,137 - INFO - [round 12] pick 3/5: O=C1c2cccc(O)c2C(=O)c2c(O)cc(C(=O)N3CCC(CO)CC3)cc21 | UCB=1.415 | mu=0.5097 | std=0.9057 | f=0.6723 | min-d_batch=0.841 | min-d_hist=0.776
2025-10-10 23:59:09,177 - INFO - [round 12] pick 4/5: COc1ccc(S(=O)(=O)Nc2nc(NCCCCC(=O)NO)c3ncn(CC(C)C)c3n2)cc1 | UCB=1.411 | mu=0.5146 | std=0.8967 | f=0.5534 | min-d_batch=0.828 | min-d_hist=0.741
2025-10-10 23:59:09,218 - INFO - [round 12] pick 5/5: CCN1CCN(C(=O)NC(C(=O)NCB(O)O)c2ccc(O)cc2)C(=O)C1=O | UCB=1.404 | mu=0.4947 | std=0.9095 | f=0.5678 | min-d_batch=0.833 | min-d_hist=0.755
2025-10-10 23:59:09,259 - INFO - Round 12 done in 426.07s; train size=75
2025-10-10 23:59:09,259 - INFO - 
--- Round 13 | trial=3 | sqrt_beta=1.0000 (beta=1.0000) | rho=0.75 | pack=batch | train size=75 ---
2025-10-11 00:05:41,150 - INFO - [bucb] step 1/5: rho=0.75 -> masked 0 / 999925 items
2025-10-11 00:05:41,155 - INFO - [bucb] pick 1/5: min-d_batch=1.000, min-d_hist=0.734
2025-10-11 00:05:46,846 - INFO - [bucb] step 2/5: rho=0.75 -> masked 1063 / 999925 items
2025-10-11 00:05:46,853 - INFO - [bucb] pick 2/5: min-d_batch=0.857, min-d_hist=0.699
2025-10-11 00:05:55,585 - INFO - [bucb] step 3/5: rho=0.75 -> masked 1440 / 999925 items
2025-10-11 00:05:55,592 - INFO - [bucb] pick 3/5: min-d_batch=0.821, min-d_hist=0.755
2025-10-11 00:06:06,832 - INFO - [bucb] step 4/5: rho=0.75 -> masked 1935 / 999925 items
2025-10-11 00:06:06,839 - INFO - [bucb] pick 4/5: min-d_batch=0.815, min-d_hist=0.754
2025-10-11 00:06:20,956 - INFO - [bucb] step 5/5: rho=0.75 -> masked 3006 / 999925 items
2025-10-11 00:06:20,964 - INFO - [bucb] pick 5/5: min-d_batch=0.852, min-d_hist=0.721
2025-10-11 00:06:24,178 - INFO - [round 13] pick 1/5: CCN1C(=O)c2cccc3c(S(=O)(=O)NCC4CCN(C(C)=O)CC4)ccc1c23 | UCB=1.433 | mu=0.5498 | std=0.8829 | f=0.6198 | min-d_batch=1.000 | min-d_hist=0.734
2025-10-11 00:06:24,223 - INFO - [round 13] pick 2/5: Nc1nc(O)c2cc(CNc3ccc4c(c3)CN(C(CCC(=O)O)C(=O)O)C4=O)cnc2n1 | UCB=1.421 | mu=0.5234 | std=0.8974 | f=0.6031 | min-d_batch=0.857 | min-d_hist=0.699
2025-10-11 00:06:24,288 - INFO - [round 13] pick 3/5: CC(C)NC(=O)CN1CCN(C2=CC(=O)c3c(O)ccc(O)c3C2=O)CC1 | UCB=1.426 | mu=0.5291 | std=0.8973 | f=0.6333 | min-d_batch=0.821 | min-d_hist=0.755
2025-10-11 00:06:24,330 - INFO - [round 13] pick 4/5: O=C(O)CC(NC(=O)C1CCN1S(=O)(=O)c1cc(Cl)cc(Cl)c1)c1ccc(OCF)cc1 | UCB=1.424 | mu=0.5352 | std=0.8887 | f=0.5881 | min-d_batch=0.815 | min-d_hist=0.754
2025-10-11 00:06:24,374 - INFO - [round 13] pick 5/5: CC1(C)C(=O)N(c2ccc(C#N)c(C(F)(F)F)c2)C(=S)N1c1ccc(C(=O)NCCCCCC(=O)NO)c(F)c1 | UCB=1.402 | mu=0.5093 | std=0.8923 | f=0.5778 | min-d_batch=0.852 | min-d_hist=0.721
2025-10-11 00:06:24,417 - INFO - Round 13 done in 435.16s; train size=80
2025-10-11 00:06:24,417 - INFO - 
--- Round 14 | trial=3 | sqrt_beta=1.0000 (beta=1.0000) | rho=0.75 | pack=batch | train size=80 ---
2025-10-11 00:13:28,727 - INFO - [bucb] step 1/5: rho=0.75 -> masked 0 / 999920 items
2025-10-11 00:13:28,732 - INFO - [bucb] pick 1/5: min-d_batch=1.000, min-d_hist=0.627
2025-10-11 00:13:34,005 - INFO - [bucb] step 2/5: rho=0.75 -> masked 5796 / 999920 items
2025-10-11 00:13:34,013 - INFO - [bucb] pick 2/5: min-d_batch=0.832, min-d_hist=0.718
2025-10-11 00:13:42,594 - INFO - [bucb] step 3/5: rho=0.75 -> masked 10779 / 999920 items
2025-10-11 00:13:42,602 - INFO - [bucb] pick 3/5: min-d_batch=0.838, min-d_hist=0.723
2025-10-11 00:13:53,502 - INFO - [bucb] step 4/5: rho=0.75 -> masked 11965 / 999920 items
2025-10-11 00:13:53,510 - INFO - [bucb] pick 4/5: min-d_batch=0.816, min-d_hist=0.702
2025-10-11 00:14:07,988 - INFO - [bucb] step 5/5: rho=0.75 -> masked 12662 / 999920 items
2025-10-11 00:14:07,996 - INFO - [bucb] pick 5/5: min-d_batch=0.838, min-d_hist=0.796
2025-10-11 00:14:11,414 - INFO - [round 14] pick 1/5: O=C(CN1CCOCC1)Nc1cc2c(cc1O)C(=O)c1ccccc1C2=O | UCB=1.435 | mu=0.5904 | std=0.8449 | f=0.6287 | min-d_batch=1.000 | min-d_hist=0.627
2025-10-11 00:14:11,461 - INFO - [round 14] pick 2/5: CC(C)c1ccc(NS(=O)(=O)c2ccc3ncc(C(=O)N4CCC(C(N)=O)CC4)c(O)c3c2)cc1 | UCB=1.435 | mu=0.5701 | std=0.8648 | f=0.6458 | min-d_batch=0.832 | min-d_hist=0.718
2025-10-11 00:14:11,507 - INFO - [round 14] pick 3/5: NC(Cc1ccc(O)cc1)C(=O)NC1CC(=O)N(CC(=O)NO)C1=O | UCB=1.424 | mu=0.5225 | std=0.9013 | f=0.5347 | min-d_batch=0.838 | min-d_hist=0.723
2025-10-11 00:14:11,554 - INFO - [round 14] pick 4/5: CCCc1nn(C)c2c(=O)[nH]c(-c3cc(S(=O)(=O)N4CCC(CCC(=O)O)CC4)ccc3OCC)nc12 | UCB=1.417 | mu=0.5204 | std=0.897 | f=0.5779 | min-d_batch=0.816 | min-d_hist=0.702
2025-10-11 00:14:11,603 - INFO - [round 14] pick 5/5: NCCCCC(NC(=O)c1cccc2c3c([nH]c12)C1Oc2c(O)ccc4c2C12CCN(CC1CC1)C(C4)C2(O)C3)C(=O)O | UCB=1.408 | mu=0.483 | std=0.9245 | f=0.6658 | min-d_batch=0.838 | min-d_hist=0.796
2025-10-11 00:14:11,651 - INFO - Round 14 done in 467.23s; train size=85
2025-10-11 00:14:11,651 - INFO - 
--- Round 15 | trial=3 | sqrt_beta=1.0000 (beta=1.0000) | rho=0.75 | pack=batch | train size=85 ---
2025-10-11 00:21:52,867 - INFO - [bucb] step 1/5: rho=0.75 -> masked 0 / 999915 items
2025-10-11 00:21:52,872 - INFO - [bucb] pick 1/5: min-d_batch=1.000, min-d_hist=0.725
2025-10-11 00:21:58,431 - INFO - [bucb] step 2/5: rho=0.75 -> masked 1723 / 999915 items
2025-10-11 00:21:58,438 - INFO - [bucb] pick 2/5: min-d_batch=0.827, min-d_hist=0.694
2025-10-11 00:22:07,046 - INFO - [bucb] step 3/5: rho=0.75 -> masked 3039 / 999915 items
2025-10-11 00:22:07,054 - INFO - [bucb] pick 3/5: min-d_batch=0.838, min-d_hist=0.763
2025-10-11 00:22:19,127 - INFO - [bucb] step 4/5: rho=0.75 -> masked 3469 / 999915 items
2025-10-11 00:22:19,134 - INFO - [bucb] pick 4/5: min-d_batch=0.863, min-d_hist=0.726
2025-10-11 00:22:34,003 - INFO - [bucb] step 5/5: rho=0.75 -> masked 3826 / 999915 items
2025-10-11 00:22:34,011 - INFO - [bucb] pick 5/5: min-d_batch=0.839, min-d_hist=0.740
2025-10-11 00:22:37,058 - INFO - [round 15] pick 1/5: O=C(NC1CCN(CC(=O)c2c[nH]c3ccc(O)cc23)CC1)c1ccc(O)c(O)c1 | UCB=1.442 | mu=0.5665 | std=0.8751 | f=0.6882 | min-d_batch=1.000 | min-d_hist=0.725
2025-10-11 00:22:37,108 - INFO - [round 15] pick 2/5: Nc1nc2ccc(S(=O)(=O)Nc3ccc(C(=O)NC(CCC(=O)O)C(=O)O)c(F)c3)cc2c(=O)[nH]1 | UCB=1.438 | mu=0.5679 | std=0.8705 | f=0.5355 | min-d_batch=0.827 | min-d_hist=0.694
2025-10-11 00:22:37,160 - INFO - [round 15] pick 3/5: CC(Oc1ccc2c(c1)S(=O)(=O)N=C(c1c(O)c3cccnc3n(CCC3CC3)c1=O)N2)C(N)=O | UCB=1.433 | mu=0.5242 | std=0.9083 | f=0.5931 | min-d_batch=0.838 | min-d_hist=0.763
2025-10-11 00:22:37,212 - INFO - [round 15] pick 4/5: CC(C)CC1C(=O)N2C(=O)C1CCCCOc1ccc(cc1)CC2C(=O)NCCCCCC(=O)NO | UCB=1.413 | mu=0.5244 | std=0.8882 | f=0.6274 | min-d_batch=0.863 | min-d_hist=0.726
2025-10-11 00:22:37,265 - INFO - [round 15] pick 5/5: CS(=O)(=O)c1cc(C(=O)O)nc2c(-c3cccc(F)c3O)nc(N3CCOCC3)nc12 | UCB=1.428 | mu=0.5376 | std=0.8904 | f=0.5783 | min-d_batch=0.839 | min-d_hist=0.740
2025-10-11 00:22:37,318 - INFO - Round 15 done in 505.67s; train size=90
2025-10-11 00:22:37,319 - INFO - 
--- Round 16 | trial=3 | sqrt_beta=1.0000 (beta=1.0000) | rho=0.75 | pack=batch | train size=90 ---
2025-10-11 00:30:46,149 - INFO - [bucb] step 1/5: rho=0.75 -> masked 0 / 999910 items
2025-10-11 00:30:46,154 - INFO - [bucb] pick 1/5: min-d_batch=1.000, min-d_hist=0.746
2025-10-11 00:30:51,819 - INFO - [bucb] step 2/5: rho=0.75 -> masked 1810 / 999910 items
2025-10-11 00:30:51,827 - INFO - [bucb] pick 2/5: min-d_batch=0.847, min-d_hist=0.718
2025-10-11 00:31:00,364 - INFO - [bucb] step 3/5: rho=0.75 -> masked 2097 / 999910 items
2025-10-11 00:31:00,372 - INFO - [bucb] pick 3/5: min-d_batch=0.806, min-d_hist=0.715
2025-10-11 00:31:11,547 - INFO - [bucb] step 4/5: rho=0.75 -> masked 3898 / 999910 items
2025-10-11 00:31:11,555 - INFO - [bucb] pick 4/5: min-d_batch=0.847, min-d_hist=0.790
2025-10-11 00:31:26,980 - INFO - [bucb] step 5/5: rho=0.75 -> masked 4146 / 999910 items
2025-10-11 00:31:26,987 - INFO - [bucb] pick 5/5: min-d_batch=0.812, min-d_hist=0.758
2025-10-11 00:31:30,125 - INFO - [round 16] pick 1/5: O=C(Nc1ccc(O)c(C(=O)O)c1)c1ccc2c(c1)C(=O)N(CC1CCCO1)C2=O | UCB=1.448 | mu=0.5702 | std=0.8778 | f=0.6232 | min-d_batch=1.000 | min-d_hist=0.746
2025-10-11 00:31:30,179 - INFO - [round 16] pick 2/5: CC(C)c1n[nH]c2c1C(=O)c1c(NC(=O)CN3CCC(CN)CC3)cccc1-2 | UCB=1.438 | mu=0.5581 | std=0.8801 | f=0.6261 | min-d_batch=0.847 | min-d_hist=0.718
2025-10-11 00:31:30,232 - INFO - [round 16] pick 3/5: CCCOc1ccc(S(=O)(=O)N2Cc3cc(O)c(O)cc3CC2C(=O)NO)cc1 | UCB=1.44 | mu=0.5586 | std=0.8809 | f=0.5864 | min-d_batch=0.806 | min-d_hist=0.715
2025-10-11 00:31:30,286 - INFO - [round 16] pick 4/5: CC(C)(O)c1ccc(N2CCN(c3nnc(Cc4cc(SCC(NC(=O)CCC(N)C(=O)O)C(=O)NCC(=O)O)c(O)cc4F)c4ccccc34)CC2)nc1 | UCB=1.424 | mu=0.5139 | std=0.9098 | f=0.6685 | min-d_batch=0.847 | min-d_hist=0.790
2025-10-11 00:31:30,343 - INFO - [round 16] pick 5/5: O=C(Cc1ccc(O)nc1)NN=C1C(=O)Nc2ccc(C(=O)N3CCC(NC4CC4)CC3)c(Cl)c21 | UCB=1.439 | mu=0.5362 | std=0.9028 | f=0.5911 | min-d_batch=0.812 | min-d_hist=0.758
2025-10-11 00:31:30,399 - INFO - Round 16 done in 533.08s; train size=95
2025-10-11 00:31:30,399 - INFO - 
--- Round 17 | trial=3 | sqrt_beta=1.0000 (beta=1.0000) | rho=0.75 | pack=batch | train size=95 ---
2025-10-11 00:39:48,986 - INFO - [bucb] step 1/5: rho=0.75 -> masked 0 / 999905 items
2025-10-11 00:39:48,991 - INFO - [bucb] pick 1/5: min-d_batch=1.000, min-d_hist=0.786
2025-10-11 00:39:54,948 - INFO - [bucb] step 2/5: rho=0.75 -> masked 85 / 999905 items
2025-10-11 00:39:54,956 - INFO - [bucb] pick 2/5: min-d_batch=0.855, min-d_hist=0.743
2025-10-11 00:40:03,890 - INFO - [bucb] step 3/5: rho=0.75 -> masked 1239 / 999905 items
2025-10-11 00:40:03,898 - INFO - [bucb] pick 3/5: min-d_batch=0.823, min-d_hist=0.761
2025-10-11 00:40:15,901 - INFO - [bucb] step 4/5: rho=0.75 -> masked 1686 / 999905 items
2025-10-11 00:40:15,909 - INFO - [bucb] pick 4/5: min-d_batch=0.818, min-d_hist=0.699
2025-10-11 00:40:30,659 - INFO - [bucb] step 5/5: rho=0.75 -> masked 9240 / 999905 items
2025-10-11 00:40:30,667 - INFO - [bucb] pick 5/5: min-d_batch=0.841, min-d_hist=0.770
2025-10-11 00:40:33,893 - INFO - [round 17] pick 1/5: NCCCCC1C(=O)Nc2ccc(O)cc2C(=O)N1C(C(=O)NCC(=O)O)c1cccnc1 | UCB=1.45 | mu=0.5508 | std=0.8996 | f=0.6331 | min-d_batch=1.000 | min-d_hist=0.786
2025-10-11 00:40:33,953 - INFO - [round 17] pick 2/5: CCOC(=O)N1CCC(S(=O)(=O)c2c(Cl)ccc(NC(=O)Nc3cccc(F)c3C)c2O)CC1 | UCB=1.446 | mu=0.5597 | std=0.8865 | f=0.5629 | min-d_batch=0.855 | min-d_hist=0.743
2025-10-11 00:40:34,013 - INFO - [round 17] pick 3/5: CC(NC(=O)C1CCCN1C(=O)c1cc(-c2nc3ccc([N+](=O)[O-])cc3[nH]2)ccc1O)C(=O)O | UCB=1.446 | mu=0.557 | std=0.8891 | f=0.6283 | min-d_batch=0.823 | min-d_hist=0.761
2025-10-11 00:40:34,072 - INFO - [round 17] pick 4/5: Cn1c(=O)c(C(=O)NCC2CCN(Cc3ccccc3)CC2)c(O)c2cc(O)c(O)cc21 | UCB=1.446 | mu=0.5913 | std=0.8551 | f=0.6916 | min-d_batch=0.818 | min-d_hist=0.699
2025-10-11 00:40:34,132 - INFO - [round 17] pick 5/5: N=C(N)NCCCC(NC(=O)CN1CCN(S(=O)(=O)c2cccc3nonc23)CC1=O)C(=O)c1nccs1 | UCB=1.42 | mu=0.504 | std=0.9163 | f=0.568 | min-d_batch=0.841 | min-d_hist=0.770
2025-10-11 00:40:34,193 - INFO - Round 17 done in 543.79s; train size=100
2025-10-11 00:40:34,193 - INFO - 
--- Round 18 | trial=3 | sqrt_beta=1.0000 (beta=1.0000) | rho=0.75 | pack=batch | train size=100 ---
2025-10-11 00:49:40,891 - INFO - [bucb] step 1/5: rho=0.75 -> masked 0 / 999900 items
2025-10-11 00:49:40,896 - INFO - [bucb] pick 1/5: min-d_batch=1.000, min-d_hist=0.714
2025-10-11 00:49:46,805 - INFO - [bucb] step 2/5: rho=0.75 -> masked 2052 / 999900 items
2025-10-11 00:49:46,813 - INFO - [bucb] pick 2/5: min-d_batch=0.811, min-d_hist=0.762
2025-10-11 00:49:56,343 - INFO - [bucb] step 3/5: rho=0.75 -> masked 4485 / 999900 items
2025-10-11 00:49:56,351 - INFO - [bucb] pick 3/5: min-d_batch=0.824, min-d_hist=0.768
2025-10-11 00:50:09,179 - INFO - [bucb] step 4/5: rho=0.75 -> masked 4690 / 999900 items
2025-10-11 00:50:09,187 - INFO - [bucb] pick 4/5: min-d_batch=0.837, min-d_hist=0.735
2025-10-11 00:50:24,622 - INFO - [bucb] step 5/5: rho=0.75 -> masked 4870 / 999900 items
2025-10-11 00:50:24,630 - INFO - [bucb] pick 5/5: min-d_batch=0.837, min-d_hist=0.767
2025-10-11 00:50:28,050 - INFO - [round 18] pick 1/5: CS(=O)(=O)Nc1cc(C(O)CNC2CCN(c3ccc(C(=O)NCC(=O)O)cc3)CC2)ccc1O | UCB=1.451 | mu=0.5771 | std=0.8736 | f=0.6607 | min-d_batch=1.000 | min-d_hist=0.714
2025-10-11 00:50:28,113 - INFO - [round 18] pick 2/5: CC(O)C(Nc1ccc(O)c2c1C(=O)c1ccccc1C2=O)C(=O)NC(CCCCN)C(=O)N1CCCC1C(=O)NC(CCCNC(=N)N)C(=O)O | UCB=1.447 | mu=0.5502 | std=0.897 | f=0.596 | min-d_batch=0.811 | min-d_hist=0.762
2025-10-11 00:50:28,176 - INFO - [round 18] pick 3/5: O=C(O)CC(NC(=O)Cn1c(C2CC2)c(Cl)nc(NCc2ccc3c(n2)NCCC3)c1=O)c1cccnc1 | UCB=1.442 | mu=0.5429 | std=0.899 | f=0.5652 | min-d_batch=0.824 | min-d_hist=0.768
2025-10-11 00:50:28,240 - INFO - [round 18] pick 4/5: CC(C)C1CCN2C(=O)c3c(O)c(=O)c(C(=O)NCc4ccc(F)cc4F)cn3CC2O1 | UCB=1.433 | mu=0.5405 | std=0.8922 | f=0.557 | min-d_batch=0.837 | min-d_hist=0.735
2025-10-11 00:50:28,306 - INFO - [round 18] pick 5/5: COc1cc2c(Nc3cc(CC(=O)Nc4cccc([N+](=O)[O-])c4)[nH]n3)ncnc2cc1OCCCN1CCC(CO)CC1 | UCB=1.422 | mu=0.524 | std=0.8984 | f=0.6594 | min-d_batch=0.837 | min-d_hist=0.767
2025-10-11 00:50:28,372 - INFO - Round 18 done in 594.18s; train size=105
2025-10-11 00:50:28,372 - INFO - 
--- Round 19 | trial=3 | sqrt_beta=1.0000 (beta=1.0000) | rho=0.75 | pack=batch | train size=105 ---
2025-10-11 01:00:18,321 - INFO - [bucb] step 1/5: rho=0.75 -> masked 0 / 999895 items
2025-10-11 01:00:18,326 - INFO - [bucb] pick 1/5: min-d_batch=1.000, min-d_hist=0.710
2025-10-11 01:00:24,319 - INFO - [bucb] step 2/5: rho=0.75 -> masked 877 / 999895 items
2025-10-11 01:00:24,327 - INFO - [bucb] pick 2/5: min-d_batch=0.835, min-d_hist=0.751
2025-10-11 01:00:33,632 - INFO - [bucb] step 3/5: rho=0.75 -> masked 1378 / 999895 items
2025-10-11 01:00:33,640 - INFO - [bucb] pick 3/5: min-d_batch=0.827, min-d_hist=0.767
2025-10-11 01:00:45,844 - INFO - [bucb] step 4/5: rho=0.75 -> masked 2105 / 999895 items
2025-10-11 01:00:45,852 - INFO - [bucb] pick 4/5: min-d_batch=0.818, min-d_hist=0.727
2025-10-11 01:01:01,531 - INFO - [bucb] step 5/5: rho=0.75 -> masked 2950 / 999895 items
2025-10-11 01:01:01,539 - INFO - [bucb] pick 5/5: min-d_batch=0.796, min-d_hist=0.746
2025-10-11 01:01:04,622 - INFO - [round 19] pick 1/5: CC(=O)N1CCC(NC(=O)c2cc(-c3c(O)cc(O)cc3Oc3ccc([N+](=O)[O-])cc3)on2)CC1 | UCB=1.458 | mu=0.586 | std=0.8715 | f=0.6108 | min-d_batch=1.000 | min-d_hist=0.710
2025-10-11 01:01:04,694 - INFO - [round 19] pick 2/5: O=C(NCC(NS(=O)(=O)c1cccnc1)C(=O)O)c1ccc2c(c1)C(=O)N(CCC1CCNCC1)C2 | UCB=1.453 | mu=0.564 | std=0.8886 | f=0.6136 | min-d_batch=0.835 | min-d_hist=0.751
2025-10-11 01:01:04,765 - INFO - [round 19] pick 3/5: CC(C)Nc1cccnc1N1CCN(C(=O)c2[nH]c3c(C(=O)C=C(O)C(=O)O)cccc3c2Br)CC1 | UCB=1.443 | mu=0.5435 | std=0.8996 | f=0.6302 | min-d_batch=0.827 | min-d_hist=0.767
2025-10-11 01:01:04,836 - INFO - [round 19] pick 4/5: CCCCCCCCNC(=O)Nc1ccc(S(=O)(=O)N2CCC(CNCC(O)COc3ccc(O)c4c3CCC(=O)N4)CC2)cc1 | UCB=1.442 | mu=0.5461 | std=0.8954 | f=0.6801 | min-d_batch=0.818 | min-d_hist=0.727
2025-10-11 01:01:04,909 - INFO - [round 19] pick 5/5: Nc1cc(CN2CCC(NC(=O)CNC(=O)c3cc(C(F)(F)F)ccc3N)C2)ccc1O | UCB=1.451 | mu=0.5646 | std=0.8864 | f=0.6297 | min-d_batch=0.796 | min-d_hist=0.746
2025-10-11 01:01:04,983 - INFO - Round 19 done in 636.61s; train size=110
2025-10-11 01:01:04,983 - INFO - 
--- Round 20 | trial=3 | sqrt_beta=1.0000 (beta=1.0000) | rho=0.75 | pack=batch | train size=110 ---
2025-10-11 01:11:02,906 - INFO - [bucb] step 1/5: rho=0.75 -> masked 0 / 999890 items
2025-10-11 01:11:02,911 - INFO - [bucb] pick 1/5: min-d_batch=1.000, min-d_hist=0.709
2025-10-11 01:11:09,160 - INFO - [bucb] step 2/5: rho=0.75 -> masked 3494 / 999890 items
2025-10-11 01:11:09,168 - INFO - [bucb] pick 2/5: min-d_batch=0.834, min-d_hist=0.714
2025-10-11 01:11:18,584 - INFO - [bucb] step 3/5: rho=0.75 -> masked 4781 / 999890 items
2025-10-11 01:11:18,593 - INFO - [bucb] pick 3/5: min-d_batch=0.827, min-d_hist=0.727
2025-10-11 01:11:31,071 - INFO - [bucb] step 4/5: rho=0.75 -> masked 5100 / 999890 items
2025-10-11 01:11:31,079 - INFO - [bucb] pick 4/5: min-d_batch=0.827, min-d_hist=0.761
2025-10-11 01:11:46,387 - INFO - [bucb] step 5/5: rho=0.75 -> masked 5599 / 999890 items
2025-10-11 01:11:46,395 - INFO - [bucb] pick 5/5: min-d_batch=0.848, min-d_hist=0.743
2025-10-11 01:11:49,460 - INFO - [round 20] pick 1/5: N=C(N)N1CCN(c2ccc(C(=O)NCC(NS(=O)(=O)c3c(O)ccc4ccccc34)C(=O)O)cc2[N+](=O)[O-])CC1 | UCB=1.457 | mu=0.5915 | std=0.8654 | f=0.589 | min-d_batch=1.000 | min-d_hist=0.709
2025-10-11 01:11:49,537 - INFO - [round 20] pick 2/5: C=CC(=O)Nc1cc2c(Nc3ccc(Br)cc3F)ncnc2cc1OCC1CCN(C(=O)CS(C)(=O)=O)CC1 | UCB=1.455 | mu=0.5701 | std=0.8851 | f=0.6064 | min-d_batch=0.834 | min-d_hist=0.714
2025-10-11 01:11:49,616 - INFO - [round 20] pick 3/5: CCC(NC(=O)N1CC(=O)NCC(Cc2cc(Cl)ccc2OC)C1=O)c1ccc(O)c(C(=O)O)c1 | UCB=1.456 | mu=0.5749 | std=0.8815 | f=0.6206 | min-d_batch=0.827 | min-d_hist=0.727
2025-10-11 01:11:49,696 - INFO - [round 20] pick 4/5: Cc1ccc(O)c(Cn2c(NC3CCN(CCC(=O)O)CC3)nc3c(C)cccc32)n1 | UCB=1.451 | mu=0.5612 | std=0.8894 | f=0.6609 | min-d_batch=0.827 | min-d_hist=0.761
2025-10-11 01:11:49,776 - INFO - [round 20] pick 5/5: O=C(CCCCCC(NC(=O)C1CCC(=O)N1)C(=O)Nc1cccc(C(F)(F)F)c1)NO | UCB=1.427 | mu=0.5367 | std=0.8904 | f=0.614 | min-d_batch=0.848 | min-d_hist=0.743
2025-10-11 01:11:49,857 - INFO - Round 20 done in 644.87s; train size=115
2025-10-11 01:11:49,857 - INFO - 
--- Round 21 | trial=3 | sqrt_beta=1.0000 (beta=1.0000) | rho=0.75 | pack=batch | train size=115 ---
2025-10-11 01:22:43,230 - INFO - [bucb] step 1/5: rho=0.75 -> masked 0 / 999885 items
2025-10-11 01:22:43,236 - INFO - [bucb] pick 1/5: min-d_batch=1.000, min-d_hist=0.727
2025-10-11 01:22:49,130 - INFO - [bucb] step 2/5: rho=0.75 -> masked 2005 / 999885 items
2025-10-11 01:22:49,138 - INFO - [bucb] pick 2/5: min-d_batch=0.833, min-d_hist=0.745
2025-10-11 01:22:57,551 - INFO - [bucb] step 3/5: rho=0.75 -> masked 2358 / 999885 items
2025-10-11 01:22:57,559 - INFO - [bucb] pick 3/5: min-d_batch=0.819, min-d_hist=0.753
2025-10-11 01:23:08,830 - INFO - [bucb] step 4/5: rho=0.75 -> masked 2580 / 999885 items
2025-10-11 01:23:08,839 - INFO - [bucb] pick 4/5: min-d_batch=0.853, min-d_hist=0.783
2025-10-11 01:23:22,978 - INFO - [bucb] step 5/5: rho=0.75 -> masked 3352 / 999885 items
2025-10-11 01:23:22,986 - INFO - [bucb] pick 5/5: min-d_batch=0.847, min-d_hist=0.767
2025-10-11 01:23:26,170 - INFO - [round 21] pick 1/5: CC(C)(C(=O)N1CCC(CC(=O)O)CC1)C(NC(=O)c1ccc(C(=N)N)cc1)c1cccc(O)c1 | UCB=1.459 | mu=0.5827 | std=0.8766 | f=0.7168 | min-d_batch=1.000 | min-d_hist=0.727
2025-10-11 01:23:26,254 - INFO - [round 21] pick 2/5: O=C(CCN1CCC(CCO)CC1)Nc1ccc2c(c1)C(=O)c1ccc(NC(=O)CCN3CCC(CCO)CC3)cc1C2=O | UCB=1.454 | mu=0.5605 | std=0.8936 | f=0.6717 | min-d_batch=0.833 | min-d_hist=0.745
2025-10-11 01:23:26,337 - INFO - [round 21] pick 3/5: O=C(O)CNC(=O)c1c(O)c2c(n(CC3Cc4ccccc4C3)c1=O)COC2 | UCB=1.451 | mu=0.5522 | std=0.8991 | f=0.5758 | min-d_batch=0.819 | min-d_hist=0.753
2025-10-11 01:23:26,422 - INFO - [round 21] pick 4/5: CCCCCCCC(C)NC(=O)c1cc(O)c2cccc(NS(C)(=O)=O)c2n1 | UCB=1.43 | mu=0.53 | std=0.9002 | f=0.6008 | min-d_batch=0.853 | min-d_hist=0.783
2025-10-11 01:23:26,508 - INFO - [round 21] pick 5/5: O=C(NCCNc1ccnc2cc(Cl)ccc12)NN=Cc1ccc(O)c(CN2CCCC2)c1O | UCB=1.435 | mu=0.5374 | std=0.8979 | f=0.6419 | min-d_batch=0.847 | min-d_hist=0.767
2025-10-11 01:23:26,595 - INFO - Round 21 done in 696.74s; train size=120
2025-10-11 01:23:26,595 - INFO - 
--- Round 22 | trial=3 | sqrt_beta=1.0000 (beta=1.0000) | rho=0.75 | pack=batch | train size=120 ---
2025-10-11 01:34:33,140 - INFO - [bucb] step 1/5: rho=0.75 -> masked 0 / 999880 items
2025-10-11 01:34:33,145 - INFO - [bucb] pick 1/5: min-d_batch=1.000, min-d_hist=0.746
2025-10-11 01:34:39,019 - INFO - [bucb] step 2/5: rho=0.75 -> masked 1125 / 999880 items
2025-10-11 01:34:39,028 - INFO - [bucb] pick 2/5: min-d_batch=0.851, min-d_hist=0.756
2025-10-11 01:34:48,094 - INFO - [bucb] step 3/5: rho=0.75 -> masked 1248 / 999880 items
2025-10-11 01:34:48,102 - INFO - [bucb] pick 3/5: min-d_batch=0.820, min-d_hist=0.789
2025-10-11 01:35:00,409 - INFO - [bucb] step 4/5: rho=0.75 -> masked 1654 / 999880 items
2025-10-11 01:35:00,417 - INFO - [bucb] pick 4/5: min-d_batch=0.850, min-d_hist=0.736
2025-10-11 01:35:16,417 - INFO - [bucb] step 5/5: rho=0.75 -> masked 1935 / 999880 items
2025-10-11 01:35:16,425 - INFO - [bucb] pick 5/5: min-d_batch=0.833, min-d_hist=0.752
2025-10-11 01:35:19,355 - INFO - [round 22] pick 1/5: CCC(Nc1c(Nc2cccc(C(=O)N3CCC(CO)C3)c2O)c(=O)c1=O)c1ccccc1 | UCB=1.467 | mu=0.5856 | std=0.8819 | f=0.6305 | min-d_batch=1.000 | min-d_hist=0.746
2025-10-11 01:35:19,446 - INFO - [round 22] pick 2/5: N=C(N)c1ccc(O)c(C=CCN(C(=O)CCC(=O)O)c2ccc(OC3CCN(CC(=O)O)CC3)c(C(F)(F)F)c2)c1 | UCB=1.46 | mu=0.5661 | std=0.8942 | f=0.6786 | min-d_batch=0.851 | min-d_hist=0.756
2025-10-11 01:35:19,537 - INFO - [round 22] pick 3/5: Cc1c[nH]c2ncnc(N3CCN(C(=O)Nc4cccc(C(=O)NC(CO)CO)c4)C(C)C3)c12 | UCB=1.449 | mu=0.5431 | std=0.9054 | f=0.6064 | min-d_batch=0.820 | min-d_hist=0.789
2025-10-11 01:35:19,630 - INFO - [round 22] pick 4/5: COC12CCC3(CC1C(=O)NCCCCCCNC(=O)CCN1C(=O)c4cccc5c(N)ccc(c45)C1=O)C1Cc4ccc(O)c5c4C3(CCN1C)C2O5 | UCB=1.436 | mu=0.5318 | std=0.9043 | f=0.6345 | min-d_batch=0.850 | min-d_hist=0.736
2025-10-11 01:35:19,724 - INFO - [round 22] pick 5/5: O=C(Cc1cc(=O)oc2cc(O)ccc12)NCC1CCC(C(=O)O)CC1 | UCB=1.447 | mu=0.5495 | std=0.8979 | f=0.6505 | min-d_batch=0.833 | min-d_hist=0.752
2025-10-11 01:35:19,819 - INFO - Round 22 done in 713.22s; train size=125
2025-10-11 01:35:19,819 - INFO - 
--- Round 23 | trial=3 | sqrt_beta=1.0000 (beta=1.0000) | rho=0.75 | pack=batch | train size=125 ---
2025-10-11 01:47:44,909 - INFO - [bucb] step 1/5: rho=0.75 -> masked 0 / 999875 items
2025-10-11 01:47:44,915 - INFO - [bucb] pick 1/5: min-d_batch=1.000, min-d_hist=0.744
2025-10-11 01:47:51,162 - INFO - [bucb] step 2/5: rho=0.75 -> masked 535 / 999875 items
2025-10-11 01:47:51,170 - INFO - [bucb] pick 2/5: min-d_batch=0.824, min-d_hist=0.686
2025-10-11 01:48:00,826 - INFO - [bucb] step 3/5: rho=0.75 -> masked 922 / 999875 items
2025-10-11 01:48:00,835 - INFO - [bucb] pick 3/5: min-d_batch=0.826, min-d_hist=0.775
2025-10-11 01:48:12,773 - INFO - [bucb] step 4/5: rho=0.75 -> masked 1304 / 999875 items
2025-10-11 01:48:12,782 - INFO - [bucb] pick 4/5: min-d_batch=0.852, min-d_hist=0.761
2025-10-11 01:48:27,765 - INFO - [bucb] step 5/5: rho=0.75 -> masked 1371 / 999875 items
2025-10-11 01:48:27,773 - INFO - [bucb] pick 5/5: min-d_batch=0.835, min-d_hist=0.773
2025-10-11 01:48:31,082 - INFO - [round 23] pick 1/5: Cc1cccc(C)c1NC(=O)N1CCC(CNc2cccc(-c3sc(C(=O)O)c(OCC(=O)O)c3Br)c2)CC1 | UCB=1.471 | mu=0.5852 | std=0.8853 | f=0.2675 | min-d_batch=1.000 | min-d_hist=0.744
2025-10-11 01:48:31,180 - INFO - [round 23] pick 2/5: CS(=O)(=O)Nc1cc(C(O)CNCCCCCCCCCN2CCC(OC(=O)Nc3ccccc3-c3cc(F)cc(F)c3O)CC2)ccc1O | UCB=1.462 | mu=0.588 | std=0.8737 | f=0.2483 | min-d_batch=0.824 | min-d_hist=0.686
2025-10-11 01:48:31,279 - INFO - [round 23] pick 3/5: CC1CN(CCC(=O)NCC(=O)O)CCC1(C)c1cccc(O)c1 | UCB=1.452 | mu=0.5493 | std=0.9025 | f=0.641 | min-d_batch=0.826 | min-d_hist=0.775
2025-10-11 01:48:31,379 - INFO - [round 23] pick 4/5: N=C(N)NC(=O)c1cnn(-c2c(O)ccc3[nH]c(=O)ccc23)c1C1CC1 | UCB=1.445 | mu=0.5435 | std=0.9016 | f=0.5545 | min-d_batch=0.852 | min-d_hist=0.761
2025-10-11 01:48:31,483 - INFO - [round 23] pick 5/5: O=C(NCc1cn(-c2ccc(S(=O)(=O)N3CCCCC3)cc2)nn1)C(Cc1cscn1)NC(=O)C1OC1C(=O)O | UCB=1.434 | mu=0.5297 | std=0.9042 | f=0.5886 | min-d_batch=0.835 | min-d_hist=0.773
2025-10-11 01:48:31,596 - INFO - Round 23 done in 791.78s; train size=130
2025-10-11 01:48:31,596 - INFO - 
--- Round 24 | trial=3 | sqrt_beta=1.0000 (beta=1.0000) | rho=0.75 | pack=batch | train size=130 ---
2025-10-11 02:01:28,047 - INFO - [bucb] step 1/5: rho=0.75 -> masked 0 / 999870 items
2025-10-11 02:01:28,052 - INFO - [bucb] pick 1/5: min-d_batch=1.000, min-d_hist=0.738
2025-10-11 02:01:33,633 - INFO - [bucb] step 2/5: rho=0.75 -> masked 2012 / 999870 items
2025-10-11 02:01:33,641 - INFO - [bucb] pick 2/5: min-d_batch=0.823, min-d_hist=0.696
2025-10-11 02:01:42,250 - INFO - [bucb] step 3/5: rho=0.75 -> masked 3622 / 999870 items
2025-10-11 02:01:42,259 - INFO - [bucb] pick 3/5: min-d_batch=0.841, min-d_hist=0.750
2025-10-11 02:01:54,142 - INFO - [bucb] step 4/5: rho=0.75 -> masked 3813 / 999870 items
2025-10-11 02:01:54,150 - INFO - [bucb] pick 4/5: min-d_batch=0.835, min-d_hist=0.691
2025-10-11 02:02:08,986 - INFO - [bucb] step 5/5: rho=0.75 -> masked 6694 / 999870 items
2025-10-11 02:02:08,994 - INFO - [bucb] pick 5/5: min-d_batch=0.823, min-d_hist=0.737
2025-10-11 02:02:12,131 - INFO - [round 24] pick 1/5: O=C(O)CNC(=O)c1ncc(-c2cccc(C(=O)N3CCCC3)c2)cc1O | UCB=1.469 | mu=0.6004 | std=0.8688 | f=0.6533 | min-d_batch=1.000 | min-d_hist=0.738
2025-10-11 02:02:12,236 - INFO - [round 24] pick 2/5: NCC1CCN(c2nc3c(cc2F)c(=O)c(C(=O)O)cn3-c2ccc(O)cc2)C1 | UCB=1.456 | mu=0.5911 | std=0.8646 | f=0.6365 | min-d_batch=0.823 | min-d_hist=0.696
2025-10-11 02:02:12,344 - INFO - [round 24] pick 3/5: CCOC(=O)c1cnc2ccc(C3(CCC(=O)NCCC(C)C)CCC(=O)NC3=O)cc2c1O | UCB=1.448 | mu=0.5565 | std=0.892 | f=0.6243 | min-d_batch=0.841 | min-d_hist=0.750
2025-10-11 02:02:12,455 - INFO - [round 24] pick 4/5: CC(C)CS(=O)(=O)Nc1ccc(CN2CCC(CNC(=O)c3cccc4c3OCCO4)CC2)cc1 | UCB=1.444 | mu=0.5847 | std=0.859 | f=0.6606 | min-d_batch=0.835 | min-d_hist=0.691
2025-10-11 02:02:12,575 - INFO - [round 24] pick 5/5: N=C(N)c1ccc(C(=O)NCC(=O)N2CCN(CC(=O)O)C(=O)C2CCCNC(=O)CCCCN)cc1 | UCB=1.443 | mu=0.5521 | std=0.8904 | f=0.6135 | min-d_batch=0.823 | min-d_hist=0.737
2025-10-11 02:02:12,693 - INFO - Round 24 done in 821.10s; train size=135
2025-10-11 02:02:12,693 - INFO - 
--- Round 25 | trial=3 | sqrt_beta=1.0000 (beta=1.0000) | rho=0.75 | pack=batch | train size=135 ---
2025-10-11 02:15:18,159 - INFO - [bucb] step 1/5: rho=0.75 -> masked 0 / 999865 items
2025-10-11 02:15:18,165 - INFO - [bucb] pick 1/5: min-d_batch=1.000, min-d_hist=0.718
2025-10-11 02:15:23,912 - INFO - [bucb] step 2/5: rho=0.75 -> masked 1235 / 999865 items
2025-10-11 02:15:23,920 - INFO - [bucb] pick 2/5: min-d_batch=0.875, min-d_hist=0.764
2025-10-11 02:15:32,608 - INFO - [bucb] step 3/5: rho=0.75 -> masked 1407 / 999865 items
2025-10-11 02:15:32,616 - INFO - [bucb] pick 3/5: min-d_batch=0.821, min-d_hist=0.766
2025-10-11 02:15:44,504 - INFO - [bucb] step 4/5: rho=0.75 -> masked 1523 / 999865 items
2025-10-11 02:15:44,512 - INFO - [bucb] pick 4/5: min-d_batch=0.850, min-d_hist=0.758
2025-10-11 02:15:59,704 - INFO - [bucb] step 5/5: rho=0.75 -> masked 1671 / 999865 items
2025-10-11 02:15:59,712 - INFO - [bucb] pick 5/5: min-d_batch=0.862, min-d_hist=0.804
2025-10-11 02:16:03,056 - INFO - [round 25] pick 1/5: Nc1cc(C(=O)NCC2CCN(Cc3cccc(O)c3)C2)ccn1 | UCB=1.466 | mu=0.5897 | std=0.8764 | f=0.6482 | min-d_batch=1.000 | min-d_hist=0.718
2025-10-11 02:16:03,168 - INFO - [round 25] pick 2/5: CC(C)C(NC(=O)CN1CCc2c([nH]c3c(C(=O)O)cccc23)C1=O)C(=O)C(F)(F)F | UCB=1.454 | mu=0.5632 | std=0.8909 | f=0.5777 | min-d_batch=0.875 | min-d_hist=0.764
2025-10-11 02:16:03,282 - INFO - [round 25] pick 3/5: CC(=O)NCCNC(=O)c1ccc(O)cc1OCC(O)CN1CCC2(CC1)Cc1cc(Cl)ccc1O2 | UCB=1.461 | mu=0.5687 | std=0.8919 | f=0.6902 | min-d_batch=0.821 | min-d_hist=0.766
2025-10-11 02:16:03,397 - INFO - [round 25] pick 4/5: O=C(O)CCn1cc(-c2cnc(NC(=O)C(CC3CCOCC3)c3ccc(S(=O)(=O)C4CC4)cc3)s2)nn1 | UCB=1.443 | mu=0.5548 | std=0.8879 | f=0.6235 | min-d_batch=0.850 | min-d_hist=0.758
2025-10-11 02:16:03,515 - INFO - [round 25] pick 5/5: N=C(N)NCCCC1NC(=O)C2COCCN2C(=O)C(Cc2ccc(O)c(I)c2)NC(=O)C(CC(=O)O)NC(=O)CNC1=O | UCB=1.43 | mu=0.5075 | std=0.9224 | f=0.5318 | min-d_batch=0.862 | min-d_hist=0.804
2025-10-11 02:16:03,633 - INFO - Round 25 done in 830.94s; train size=140
2025-10-11 02:16:03,633 - INFO - 
--- Round 26 | trial=3 | sqrt_beta=1.0000 (beta=1.0000) | rho=0.75 | pack=batch | train size=140 ---
2025-10-11 02:30:06,299 - INFO - [bucb] step 1/5: rho=0.75 -> masked 0 / 999860 items
2025-10-11 02:30:06,305 - INFO - [bucb] pick 1/5: min-d_batch=1.000, min-d_hist=0.730
2025-10-11 02:30:11,845 - INFO - [bucb] step 2/5: rho=0.75 -> masked 437 / 999860 items
2025-10-11 02:30:11,854 - INFO - [bucb] pick 2/5: min-d_batch=0.863, min-d_hist=0.667
2025-10-11 02:30:20,648 - INFO - [bucb] step 3/5: rho=0.75 -> masked 1298 / 999860 items
2025-10-11 02:30:20,656 - INFO - [bucb] pick 3/5: min-d_batch=0.833, min-d_hist=0.794
2025-10-11 02:30:32,347 - INFO - [bucb] step 4/5: rho=0.75 -> masked 1323 / 999860 items
2025-10-11 02:30:32,356 - INFO - [bucb] pick 4/5: min-d_batch=0.831, min-d_hist=0.770
2025-10-11 02:30:47,483 - INFO - [bucb] step 5/5: rho=0.75 -> masked 2362 / 999860 items
2025-10-11 02:30:47,492 - INFO - [bucb] pick 5/5: min-d_batch=0.849, min-d_hist=0.748
2025-10-11 02:30:50,738 - INFO - [round 26] pick 1/5: N=C(N)c1ccc(N2C(=O)NC3(CCN(C(=O)NCCC(=O)O)CC3)C2=O)cc1 | UCB=1.463 | mu=0.5804 | std=0.8822 | f=0.6223 | min-d_batch=1.000 | min-d_hist=0.730
2025-10-11 02:30:50,859 - INFO - [round 26] pick 2/5: CCNC(=O)c1[nH]nc(-c2cc(Cl)c(O)cc2O)c1-c1cccc(CN2CCC(CO)CC2)c1 | UCB=1.459 | mu=0.6052 | std=0.8536 | f=0.6638 | min-d_batch=0.863 | min-d_hist=0.667
2025-10-11 02:30:50,980 - INFO - [round 26] pick 3/5: CCCC1CCC(C(=O)O)=C(NC(=O)C(C)Cc2ccn(-c3ccc(O)cn3)n2)C1 | UCB=1.459 | mu=0.5587 | std=0.9004 | f=0.6104 | min-d_batch=0.833 | min-d_hist=0.794
2025-10-11 02:30:51,103 - INFO - [round 26] pick 4/5: O=C(O)c1ccc(S(=O)(=O)N2CCN(C(=O)Cn3c(=O)oc4ccc(Cl)cc43)C(CN3CCCC3)C2)cc1O | UCB=1.458 | mu=0.5722 | std=0.8854 | f=0.6588 | min-d_batch=0.831 | min-d_hist=0.770
2025-10-11 02:30:51,228 - INFO - [round 26] pick 5/5: CC(C)(Cc1ccc(NC(=O)CCCNC(=O)CCN)cc1)NCC(O)c1ccc(O)c2c1OCC(=O)N2 | UCB=1.439 | mu=0.5513 | std=0.8881 | f=0.6371 | min-d_batch=0.849 | min-d_hist=0.748
2025-10-11 02:30:51,354 - INFO - Round 26 done in 887.72s; train size=145
2025-10-11 02:30:51,354 - INFO - 
--- Round 27 | trial=3 | sqrt_beta=1.0000 (beta=1.0000) | rho=0.75 | pack=batch | train size=145 ---
2025-10-11 02:45:14,348 - INFO - [bucb] step 1/5: rho=0.75 -> masked 0 / 999855 items
2025-10-11 02:45:14,354 - INFO - [bucb] pick 1/5: min-d_batch=1.000, min-d_hist=0.732
2025-10-11 02:45:19,942 - INFO - [bucb] step 2/5: rho=0.75 -> masked 4085 / 999855 items
2025-10-11 02:45:19,951 - INFO - [bucb] pick 2/5: min-d_batch=0.832, min-d_hist=0.767
2025-10-11 02:45:28,752 - INFO - [bucb] step 3/5: rho=0.75 -> masked 4864 / 999855 items
2025-10-11 02:45:28,760 - INFO - [bucb] pick 3/5: min-d_batch=0.823, min-d_hist=0.707
2025-10-11 02:45:40,603 - INFO - [bucb] step 4/5: rho=0.75 -> masked 6687 / 999855 items
2025-10-11 02:45:40,612 - INFO - [bucb] pick 4/5: min-d_batch=0.829, min-d_hist=0.746
2025-10-11 02:45:55,128 - INFO - [bucb] step 5/5: rho=0.75 -> masked 7466 / 999855 items
2025-10-11 02:45:55,136 - INFO - [bucb] pick 5/5: min-d_batch=0.849, min-d_hist=0.748
2025-10-11 02:45:58,409 - INFO - [round 27] pick 1/5: O=C(NCCC1CC1)c1ccc(N2CCN(C(=O)c3ccccc3C(=O)O)CC2)nn1 | UCB=1.465 | mu=0.5917 | std=0.8733 | f=0.6426 | min-d_batch=1.000 | min-d_hist=0.732
2025-10-11 02:45:58,536 - INFO - [round 27] pick 2/5: COc1ccc(CN2CCc3c(cnc(C(=O)NCCC(=O)O)c3O)C2=O)c(OC)c1 | UCB=1.462 | mu=0.5813 | std=0.8805 | f=0.5851 | min-d_batch=0.832 | min-d_hist=0.767
2025-10-11 02:45:58,664 - INFO - [round 27] pick 3/5: CC(CC1(O)CCN(C(=O)c2ccc(NS(=O)(=O)c3cccc4c(O)ncnc34)cc2)CC1)C(F)(F)F | UCB=1.459 | mu=0.5774 | std=0.8816 | f=0.6232 | min-d_batch=0.823 | min-d_hist=0.707
2025-10-11 02:45:58,793 - INFO - [round 27] pick 4/5: NC(=O)C1CCCN1C(=O)C(Cc1cnc[nH]1)NC(=O)C=Cc1ccc(O)c(O)c1 | UCB=1.454 | mu=0.5552 | std=0.8984 | f=0.6366 | min-d_batch=0.829 | min-d_hist=0.746
2025-10-11 02:45:58,925 - INFO - [round 27] pick 5/5: CC1=CCC2C(C1)c1c(O)cc(C(C)(C)CCCCC(=O)NCCc3ccc(S(N)(=O)=O)cc3)cc1OC2(C)C | UCB=1.438 | mu=0.54 | std=0.8977 | f=0.3754 | min-d_batch=0.849 | min-d_hist=0.748
2025-10-11 02:45:59,058 - INFO - Round 27 done in 907.70s; train size=150
2025-10-11 02:45:59,058 - INFO - 
--- Round 28 | trial=3 | sqrt_beta=1.0000 (beta=1.0000) | rho=0.75 | pack=batch | train size=150 ---
2025-10-11 03:00:41,113 - INFO - [bucb] step 1/5: rho=0.75 -> masked 0 / 999850 items
2025-10-11 03:00:41,119 - INFO - [bucb] pick 1/5: min-d_batch=1.000, min-d_hist=0.760
2025-10-11 03:00:46,663 - INFO - [bucb] step 2/5: rho=0.75 -> masked 2669 / 999850 items
2025-10-11 03:00:46,672 - INFO - [bucb] pick 2/5: min-d_batch=0.833, min-d_hist=0.632
2025-10-11 03:00:55,761 - INFO - [bucb] step 3/5: rho=0.75 -> masked 3600 / 999850 items
2025-10-11 03:00:55,770 - INFO - [bucb] pick 3/5: min-d_batch=0.824, min-d_hist=0.780
2025-10-11 03:01:07,419 - INFO - [bucb] step 4/5: rho=0.75 -> masked 3968 / 999850 items
2025-10-11 03:01:07,428 - INFO - [bucb] pick 4/5: min-d_batch=0.845, min-d_hist=0.697
2025-10-11 03:01:22,505 - INFO - [bucb] step 5/5: rho=0.75 -> masked 4691 / 999850 items
2025-10-11 03:01:22,513 - INFO - [bucb] pick 5/5: min-d_batch=0.852, min-d_hist=0.738
2025-10-11 03:01:25,500 - INFO - [round 28] pick 1/5: NC(=O)c1cc(C(O)CN2CCN(C(=O)c3ccco3)CC2)ccc1O | UCB=1.469 | mu=0.5859 | std=0.8833 | f=0.6767 | min-d_batch=1.000 | min-d_hist=0.760
2025-10-11 03:01:25,637 - INFO - [round 28] pick 2/5: O=C(CNC(=O)c1ccccn1)NC12CCC(=O)C3Oc4c(O)ccc5c4C31CCN(CC1CC1)C2C5 | UCB=1.462 | mu=0.5927 | std=0.8697 | f=0.6459 | min-d_batch=0.833 | min-d_hist=0.632
2025-10-11 03:01:25,774 - INFO - [round 28] pick 3/5: C#CC(CC(=O)O)NC(=O)Cn1cnc2ccc(N3CCNCC3)cc2c1=O | UCB=1.461 | mu=0.564 | std=0.8968 | f=0.5776 | min-d_batch=0.824 | min-d_hist=0.780
2025-10-11 03:01:25,913 - INFO - [round 28] pick 4/5: NC1=NC(=O)C2N=C(CNc3ccc(C(=O)NC(CCC(=O)N4CCCC4C(=O)NO)C(=O)O)cc3)C=NC2=N1 | UCB=1.451 | mu=0.5679 | std=0.8832 | f=0.6258 | min-d_batch=0.845 | min-d_hist=0.697
2025-10-11 03:01:26,055 - INFO - [round 28] pick 5/5: CS(=O)(=O)NC(=O)Cc1cccc2c1Cc1c-2nc(O)c2nc(C(=O)O)cn12 | UCB=1.442 | mu=0.5442 | std=0.8981 | f=0.5136 | min-d_batch=0.852 | min-d_hist=0.738
2025-10-11 03:01:26,197 - INFO - Round 28 done in 927.14s; train size=155
2025-10-11 03:01:26,197 - INFO - 
--- Round 29 | trial=3 | sqrt_beta=1.0000 (beta=1.0000) | rho=0.75 | pack=batch | train size=155 ---
2025-10-11 03:17:42,259 - INFO - [bucb] step 1/5: rho=0.75 -> masked 0 / 999845 items
2025-10-11 03:17:42,264 - INFO - [bucb] pick 1/5: min-d_batch=1.000, min-d_hist=0.726
2025-10-11 03:17:47,757 - INFO - [bucb] step 2/5: rho=0.75 -> masked 1043 / 999845 items
2025-10-11 03:17:47,765 - INFO - [bucb] pick 2/5: min-d_batch=0.840, min-d_hist=0.756
2025-10-11 03:17:56,436 - INFO - [bucb] step 3/5: rho=0.75 -> masked 1555 / 999845 items
2025-10-11 03:17:56,444 - INFO - [bucb] pick 3/5: min-d_batch=0.840, min-d_hist=0.787
2025-10-11 03:18:08,164 - INFO - [bucb] step 4/5: rho=0.75 -> masked 1582 / 999845 items
2025-10-11 03:18:08,172 - INFO - [bucb] pick 4/5: min-d_batch=0.830, min-d_hist=0.755
2025-10-11 03:18:22,983 - INFO - [bucb] step 5/5: rho=0.75 -> masked 3347 / 999845 items
2025-10-11 03:18:22,991 - INFO - [bucb] pick 5/5: min-d_batch=0.841, min-d_hist=0.761
2025-10-11 03:18:25,960 - INFO - [round 29] pick 1/5: O=C(O)c1cc(S(=O)(=O)N2CCCC(Cn3ccnc3)C2)ccc1O | UCB=1.467 | mu=0.5867 | std=0.88 | f=0.6214 | min-d_batch=1.000 | min-d_hist=0.726
2025-10-11 03:18:26,106 - INFO - [round 29] pick 2/5: CC(C)n1nc(CN2CCC3(CC2)CN(c2ccc(C(=O)O)cc2)C(=O)O3)c2ccc(C(N)=O)cc21 | UCB=1.465 | mu=0.5821 | std=0.8828 | f=0.6771 | min-d_batch=0.840 | min-d_hist=0.756
2025-10-11 03:18:26,251 - INFO - [round 29] pick 3/5: [N-]=[N+]=Nc1ccc(C(=O)NCCNC(=O)CN2CCC(NC(=O)C3CCCN3)C2=O)c(O)c1 | UCB=1.455 | mu=0.5507 | std=0.9046 | f=0.5595 | min-d_batch=0.840 | min-d_hist=0.787
2025-10-11 03:18:26,400 - INFO - [round 29] pick 4/5: O=C(O)CC(CCC1CCN(C(=O)c2cccc(NC3=CCC(O)CN3)c2)CC1)c1ccc2c(c1)OCO2 | UCB=1.461 | mu=0.5821 | std=0.8785 | f=0.7129 | min-d_batch=0.830 | min-d_hist=0.755
2025-10-11 03:18:26,549 - INFO - [round 29] pick 5/5: O=C(O)CCCC(=O)NCC1(O)CCN(c2ccnc3cccnc23)C1 | UCB=1.453 | mu=0.5563 | std=0.8971 | f=0.6196 | min-d_batch=0.841 | min-d_hist=0.761
2025-10-11 03:18:26,700 - INFO - Round 29 done in 1020.50s; train size=160
2025-10-11 03:18:26,700 - INFO - 
--- Round 30 | trial=3 | sqrt_beta=1.0000 (beta=1.0000) | rho=0.75 | pack=batch | train size=160 ---
2025-10-11 03:34:37,684 - INFO - [bucb] step 1/5: rho=0.75 -> masked 0 / 999840 items
2025-10-11 03:34:37,689 - INFO - [bucb] pick 1/5: min-d_batch=1.000, min-d_hist=0.757
2025-10-11 03:34:43,542 - INFO - [bucb] step 2/5: rho=0.75 -> masked 284 / 999840 items
2025-10-11 03:34:43,550 - INFO - [bucb] pick 2/5: min-d_batch=0.843, min-d_hist=0.759
2025-10-11 03:34:52,718 - INFO - [bucb] step 3/5: rho=0.75 -> masked 484 / 999840 items
2025-10-11 03:34:52,727 - INFO - [bucb] pick 3/5: min-d_batch=0.867, min-d_hist=0.774
2025-10-11 03:35:04,076 - INFO - [bucb] step 4/5: rho=0.75 -> masked 904 / 999840 items
2025-10-11 03:35:04,084 - INFO - [bucb] pick 4/5: min-d_batch=0.836, min-d_hist=0.772
2025-10-11 03:35:18,901 - INFO - [bucb] step 5/5: rho=0.75 -> masked 2344 / 999840 items
2025-10-11 03:35:18,909 - INFO - [bucb] pick 5/5: min-d_batch=0.840, min-d_hist=0.787
2025-10-11 03:35:21,970 - INFO - [round 30] pick 1/5: O=C(O)CCN1CCC(=C2c3cc(C(=O)O)ccc3OCc3cccnc32)CC1 | UCB=1.474 | mu=0.5937 | std=0.8806 | f=0.6981 | min-d_batch=1.000 | min-d_hist=0.757
2025-10-11 03:35:22,128 - INFO - [round 30] pick 2/5: Cc1cc(NCC(C)NS(=O)(=O)C2CC2)c2cnn(-c3cccc(C(=O)N4CCCC(CO)C4)c3)c2c1 | UCB=1.465 | mu=0.5721 | std=0.8925 | f=0.6552 | min-d_batch=0.843 | min-d_hist=0.759
2025-10-11 03:35:22,288 - INFO - [round 30] pick 3/5: NC(CCCCNC(=O)C(=O)c1c[nH]c2cc(O)ccc12)C(=O)O | UCB=1.446 | mu=0.554 | std=0.892 | f=0.6248 | min-d_batch=0.867 | min-d_hist=0.774
2025-10-11 03:35:22,450 - INFO - [round 30] pick 4/5: CC(=O)NCC1CN(c2ccc(N3CCN(CC(O)Cn4cnc([N+](=O)[O-])c4)CC3)c(F)c2)C(=O)O1 | UCB=1.457 | mu=0.5591 | std=0.8976 | f=0.6322 | min-d_batch=0.836 | min-d_hist=0.772
2025-10-11 03:35:22,614 - INFO - [round 30] pick 5/5: C=C1CC23C=CC(=O)C(C)(CCC(=O)Nc4c(O)ccc(C(=O)O)c4O)C2CC1CC3 | UCB=1.448 | mu=0.5416 | std=0.9067 | f=0.6385 | min-d_batch=0.840 | min-d_hist=0.787
2025-10-11 03:35:22,776 - INFO - Round 30 done in 1016.08s; train size=165
2025-10-11 03:35:22,776 - INFO - 
--- Round 31 | trial=3 | sqrt_beta=1.0000 (beta=1.0000) | rho=0.75 | pack=batch | train size=165 ---
2025-10-11 03:52:36,064 - INFO - [bucb] step 1/5: rho=0.75 -> masked 0 / 999835 items
2025-10-11 03:52:36,070 - INFO - [bucb] pick 1/5: min-d_batch=1.000, min-d_hist=0.710
2025-10-11 03:52:41,613 - INFO - [bucb] step 2/5: rho=0.75 -> masked 1671 / 999835 items
2025-10-11 03:52:41,622 - INFO - [bucb] pick 2/5: min-d_batch=0.830, min-d_hist=0.777
2025-10-11 03:52:50,237 - INFO - [bucb] step 3/5: rho=0.75 -> masked 1925 / 999835 items
2025-10-11 03:52:50,245 - INFO - [bucb] pick 3/5: min-d_batch=0.843, min-d_hist=0.750
2025-10-11 03:53:02,002 - INFO - [bucb] step 4/5: rho=0.75 -> masked 2071 / 999835 items
2025-10-11 03:53:02,011 - INFO - [bucb] pick 4/5: min-d_batch=0.848, min-d_hist=0.745
2025-10-11 03:53:16,513 - INFO - [bucb] step 5/5: rho=0.75 -> masked 2824 / 999835 items
2025-10-11 03:53:16,521 - INFO - [bucb] pick 5/5: min-d_batch=0.823, min-d_hist=0.705
2025-10-11 03:53:19,187 - INFO - [round 31] pick 1/5: CC1CCc2cc(C(=O)N3CCC3)ccc2N1C(=O)c1ccc(O)cc1O | UCB=1.476 | mu=0.6159 | std=0.8604 | f=0.5835 | min-d_batch=1.000 | min-d_hist=0.710
2025-10-11 03:53:19,351 - INFO - [round 31] pick 2/5: Nc1ncnc2c1C(=O)N(c1ccc(C3CCC(CCC(=O)O)CC3)cc1)CCO2 | UCB=1.474 | mu=0.5819 | std=0.8917 | f=0.6465 | min-d_batch=0.830 | min-d_hist=0.777
2025-10-11 03:53:19,516 - INFO - [round 31] pick 3/5: O=C(O)CC(NC(=O)CNC(=O)c1cccc(NC2=NCC(O)CN2)c1)c1cc(Cl)cc(I)c1O | UCB=1.462 | mu=0.5759 | std=0.8861 | f=0.5702 | min-d_batch=0.843 | min-d_hist=0.750
2025-10-11 03:53:19,682 - INFO - [round 31] pick 4/5: CCCC(=O)NC(Cc1c[nH]c2ccc(OCCN3CCNCC3)cc12)C(=O)O | UCB=1.453 | mu=0.5601 | std=0.8929 | f=0.6459 | min-d_batch=0.848 | min-d_hist=0.745
2025-10-11 03:53:19,850 - INFO - [round 31] pick 5/5: OCC1CCN(Cc2ccc(O)c3ncccc23)CC1 | UCB=1.464 | mu=0.5921 | std=0.872 | f=0.1078 | min-d_batch=0.823 | min-d_hist=0.705
2025-10-11 03:53:20,020 - INFO - Round 31 done in 1077.24s; train size=170
2025-10-11 03:53:20,021 - INFO - 
--- Round 32 | trial=3 | sqrt_beta=1.0000 (beta=1.0000) | rho=0.75 | pack=batch | train size=170 ---
2025-10-11 04:10:14,570 - INFO - [bucb] step 1/5: rho=0.75 -> masked 0 / 999830 items
2025-10-11 04:10:14,576 - INFO - [bucb] pick 1/5: min-d_batch=1.000, min-d_hist=0.718
2025-10-11 04:10:20,548 - INFO - [bucb] step 2/5: rho=0.75 -> masked 1673 / 999830 items
2025-10-11 04:10:20,556 - INFO - [bucb] pick 2/5: min-d_batch=0.838, min-d_hist=0.784
2025-10-11 04:10:29,631 - INFO - [bucb] step 3/5: rho=0.75 -> masked 1888 / 999830 items
2025-10-11 04:10:29,640 - INFO - [bucb] pick 3/5: min-d_batch=0.831, min-d_hist=0.727
2025-10-11 04:10:41,798 - INFO - [bucb] step 4/5: rho=0.75 -> masked 2598 / 999830 items
2025-10-11 04:10:41,806 - INFO - [bucb] pick 4/5: min-d_batch=0.825, min-d_hist=0.754
2025-10-11 04:10:56,922 - INFO - [bucb] step 5/5: rho=0.75 -> masked 3572 / 999830 items
2025-10-11 04:10:56,930 - INFO - [bucb] pick 5/5: min-d_batch=0.848, min-d_hist=0.753
2025-10-11 04:11:00,112 - INFO - [round 32] pick 1/5: CCOc1cc(N)c(Cl)cc1C(=O)NCC1CN(Cc2ccc(C(=O)O)cc2)CCO1 | UCB=1.48 | mu=0.6189 | std=0.8607 | f=0.6463 | min-d_batch=1.000 | min-d_hist=0.718
2025-10-11 04:11:00,284 - INFO - [round 32] pick 2/5: CC(C)CCN(Cc1cc(Br)c(O)c(Br)c1)C(=O)CCC(=O)N1CCC(N2Cc3ccccc3NC2=O)CC1 | UCB=1.471 | mu=0.5752 | std=0.8956 | f=0.3138 | min-d_batch=0.838 | min-d_hist=0.784
2025-10-11 04:11:00,458 - INFO - [round 32] pick 3/5: CC(=O)N1CCN(C(=O)C(Cc2cccc(C(=N)N)c2)NS(=O)(=O)NCCc2cc3c(cc2[N+](=O)[O-])OCO3)CC1 | UCB=1.465 | mu=0.5842 | std=0.8812 | f=0.6045 | min-d_batch=0.831 | min-d_hist=0.727
2025-10-11 04:11:00,635 - INFO - [round 32] pick 4/5: CC(=O)c1c(C)c2cnc(Nc3ccc(N4CCN(CCC(=O)O)CC4)cn3)nc2n(C2CCCC2)c1=O | UCB=1.461 | mu=0.5752 | std=0.8861 | f=0.6135 | min-d_batch=0.825 | min-d_hist=0.754
2025-10-11 04:11:00,812 - INFO - [round 32] pick 5/5: NC(Cc1c[nH]c2ccc(O)cc12)C(=O)NC(C(=O)O)C1OC(n2ccc(=O)[nH]c2=O)C(O)C1O | UCB=1.444 | mu=0.5479 | std=0.8962 | f=0.5295 | min-d_batch=0.848 | min-d_hist=0.753
2025-10-11 04:11:00,990 - INFO - Round 32 done in 1060.97s; train size=175
2025-10-11 04:11:00,990 - INFO - 
--- Round 33 | trial=3 | sqrt_beta=1.0000 (beta=1.0000) | rho=0.75 | pack=batch | train size=175 ---
2025-10-11 04:28:47,254 - INFO - [bucb] step 1/5: rho=0.75 -> masked 0 / 999825 items
2025-10-11 04:28:47,260 - INFO - [bucb] pick 1/5: min-d_batch=1.000, min-d_hist=0.718
2025-10-11 04:28:53,150 - INFO - [bucb] step 2/5: rho=0.75 -> masked 5608 / 999825 items
2025-10-11 04:28:53,158 - INFO - [bucb] pick 2/5: min-d_batch=0.832, min-d_hist=0.748
2025-10-11 04:29:01,961 - INFO - [bucb] step 3/5: rho=0.75 -> masked 5835 / 999825 items
2025-10-11 04:29:01,969 - INFO - [bucb] pick 3/5: min-d_batch=0.853, min-d_hist=0.765
2025-10-11 04:29:13,238 - INFO - [bucb] step 4/5: rho=0.75 -> masked 6396 / 999825 items
2025-10-11 04:29:13,246 - INFO - [bucb] pick 4/5: min-d_batch=0.805, min-d_hist=0.741
2025-10-11 04:29:27,938 - INFO - [bucb] step 5/5: rho=0.75 -> masked 6895 / 999825 items
2025-10-11 04:29:27,946 - INFO - [bucb] pick 5/5: min-d_batch=0.840, min-d_hist=0.789
2025-10-11 04:29:31,004 - INFO - [round 33] pick 1/5: CCCNC(=O)CN1CCN(c2ncc(NC(=O)c3ccc(Cl)cc3)cc2C(=O)O)CC1 | UCB=1.476 | mu=0.6364 | std=0.8396 | f=0.6353 | min-d_batch=1.000 | min-d_hist=0.718
2025-10-11 04:29:31,187 - INFO - [round 33] pick 2/5: CCC(N=C(O)c1cc(C(=O)N2CCCC2C)n2c1COCC2)c1cccc(O)c1 | UCB=1.462 | mu=0.5655 | std=0.8965 | f=0.6318 | min-d_batch=0.832 | min-d_hist=0.748
2025-10-11 04:29:31,373 - INFO - [round 33] pick 3/5: NC(=O)CCC(C(=O)O)N1C(=O)c2cccc3cc([N+](=O)[O-])cc(c23)C1=O | UCB=1.454 | mu=0.5683 | std=0.8861 | f=0.5753 | min-d_batch=0.853 | min-d_hist=0.765
2025-10-11 04:29:31,564 - INFO - [round 33] pick 4/5: O=C1COc2ccc(CNC3CCN(CCN4C(=O)COc5ccc(C(=O)O)cc54)CC3)nc2N1 | UCB=1.469 | mu=0.5804 | std=0.8885 | f=0.6636 | min-d_batch=0.805 | min-d_hist=0.741
2025-10-11 04:29:31,755 - INFO - [round 33] pick 5/5: CC(O)C(N)C(=O)NS(=O)(=O)N1CCc2ccc(-c3ncnc4[nH]ccc34)cc2C1 | UCB=1.445 | mu=0.5393 | std=0.9056 | f=0.5795 | min-d_batch=0.840 | min-d_hist=0.789
2025-10-11 04:29:31,946 - INFO - Round 33 done in 1110.96s; train size=180
2025-10-11 04:29:31,946 - INFO - 
--- Round 34 | trial=3 | sqrt_beta=1.0000 (beta=1.0000) | rho=0.75 | pack=batch | train size=180 ---
2025-10-11 04:48:40,339 - INFO - [bucb] step 1/5: rho=0.75 -> masked 0 / 999820 items
2025-10-11 04:48:40,345 - INFO - [bucb] pick 1/5: min-d_batch=1.000, min-d_hist=0.719
2025-10-11 04:48:46,272 - INFO - [bucb] step 2/5: rho=0.75 -> masked 904 / 999820 items
2025-10-11 04:48:46,281 - INFO - [bucb] pick 2/5: min-d_batch=0.834, min-d_hist=0.774
2025-10-11 04:48:55,171 - INFO - [bucb] step 3/5: rho=0.75 -> masked 1681 / 999820 items
2025-10-11 04:48:55,180 - INFO - [bucb] pick 3/5: min-d_batch=0.832, min-d_hist=0.739
2025-10-11 04:49:06,872 - INFO - [bucb] step 4/5: rho=0.75 -> masked 1995 / 999820 items
2025-10-11 04:49:06,880 - INFO - [bucb] pick 4/5: min-d_batch=0.823, min-d_hist=0.717
2025-10-11 04:49:21,560 - INFO - [bucb] step 5/5: rho=0.75 -> masked 3298 / 999820 items
2025-10-11 04:49:21,569 - INFO - [bucb] pick 5/5: min-d_batch=0.849, min-d_hist=0.770
2025-10-11 04:49:24,527 - INFO - [round 34] pick 1/5: CC1(C(=O)O)CCCN(c2ccc(N3CC(CNC(=O)c4cnc(N)s4)OC3=O)cc2)C1=O | UCB=1.474 | mu=0.593 | std=0.8806 | f=0.6049 | min-d_batch=1.000 | min-d_hist=0.719
2025-10-11 04:49:24,722 - INFO - [round 34] pick 2/5: CC(=C1C(=O)Nc2ccc(NC(N)=O)cc21)c1cc(CNC(=O)CCN2CCCCC2)c[nH]1 | UCB=1.467 | mu=0.5764 | std=0.8902 | f=0.6166 | min-d_batch=0.834 | min-d_hist=0.774
2025-10-11 04:49:24,917 - INFO - [round 34] pick 3/5: N=C(N)c1ccc(OC(=O)c2ccc(CN3CCCC3C(O)=NC(CS(=O)(=O)O)C(=O)O)o2)cc1 | UCB=1.458 | mu=0.5667 | std=0.8915 | f=0.6434 | min-d_batch=0.832 | min-d_hist=0.739
2025-10-11 04:49:25,116 - INFO - [round 34] pick 4/5: CCCCCNC(=O)c1cnc2ccc(S(=O)(=O)N3CCC4(CC3)OCCO4)cc2c1O | UCB=1.464 | mu=0.5962 | std=0.8674 | f=0.6406 | min-d_batch=0.823 | min-d_hist=0.717
2025-10-11 04:49:25,318 - INFO - [round 34] pick 5/5: NC(C(=O)NC1C(=O)N2C(C(=O)O)=C(C(F)(F)F)CCC12)c1ccc(O)c(Cl)c1 | UCB=1.446 | mu=0.5519 | std=0.8946 | f=0.5457 | min-d_batch=0.849 | min-d_hist=0.770
2025-10-11 04:49:25,528 - INFO - Round 34 done in 1193.58s; train size=185
2025-10-11 04:49:25,528 - INFO - 
--- Round 35 | trial=3 | sqrt_beta=1.0000 (beta=1.0000) | rho=0.75 | pack=batch | train size=185 ---
2025-10-11 05:09:33,292 - INFO - [bucb] step 1/5: rho=0.75 -> masked 0 / 999815 items
2025-10-11 05:09:33,298 - INFO - [bucb] pick 1/5: min-d_batch=1.000, min-d_hist=0.721
2025-10-11 05:09:39,573 - INFO - [bucb] step 2/5: rho=0.75 -> masked 781 / 999815 items
2025-10-11 05:09:39,582 - INFO - [bucb] pick 2/5: min-d_batch=0.835, min-d_hist=0.706
2025-10-11 05:09:48,762 - INFO - [bucb] step 3/5: rho=0.75 -> masked 2771 / 999815 items
2025-10-11 05:09:48,771 - INFO - [bucb] pick 3/5: min-d_batch=0.860, min-d_hist=0.727
2025-10-11 05:10:00,484 - INFO - [bucb] step 4/5: rho=0.75 -> masked 3059 / 999815 items
2025-10-11 05:10:00,492 - INFO - [bucb] pick 4/5: min-d_batch=0.835, min-d_hist=0.746
2025-10-11 05:10:15,230 - INFO - [bucb] step 5/5: rho=0.75 -> masked 4848 / 999815 items
2025-10-11 05:10:15,239 - INFO - [bucb] pick 5/5: min-d_batch=0.835, min-d_hist=0.744
2025-10-11 05:10:18,422 - INFO - [round 35] pick 1/5: Cn1c(=O)c(Cc2ccc(C(=N)N)cc2)nc2cc(C3(C(=O)N4CCCC4C(=O)NCC(=O)O)CC3)ccc21 | UCB=1.476 | mu=0.6164 | std=0.8592 | f=0.6461 | min-d_batch=1.000 | min-d_hist=0.721
2025-10-11 05:10:18,635 - INFO - [round 35] pick 2/5: CC(C)(C)c1cc(N2CCC(=O)NC2=O)cc(C(=O)Nc2ccc(NS(=O)(=O)CCN3CCOCC3)cc2)c1O | UCB=1.466 | mu=0.6012 | std=0.8648 | f=0.6526 | min-d_batch=0.835 | min-d_hist=0.706
2025-10-11 05:10:18,856 - INFO - [round 35] pick 3/5: CCCCCCC(C(=O)O)n1cnc(NC(=O)c2cccc(O)c2C(=O)O)c1 | UCB=1.456 | mu=0.5767 | std=0.8788 | f=0.6312 | min-d_batch=0.860 | min-d_hist=0.727
2025-10-11 05:10:19,073 - INFO - [round 35] pick 4/5: O=C(CCC1CCN(C(=O)c2cnco2)CC1)NCc1cccc(Cl)c1 | UCB=1.459 | mu=0.5909 | std=0.8677 | f=0.4522 | min-d_batch=0.835 | min-d_hist=0.746
2025-10-11 05:10:19,293 - INFO - [round 35] pick 5/5: O=C1C(=Cc2ccc3c(c2)OCO3)Oc2cc(OCC(=O)N3CC(O)CC3C(=O)O)ccc21 | UCB=1.448 | mu=0.5545 | std=0.8932 | f=0.6226 | min-d_batch=0.835 | min-d_hist=0.744
2025-10-11 05:10:19,512 - INFO - Round 35 done in 1253.98s; train size=190
2025-10-11 05:10:19,513 - INFO - 
--- Round 36 | trial=3 | sqrt_beta=1.0000 (beta=1.0000) | rho=0.75 | pack=batch | train size=190 ---
2025-10-11 05:30:14,933 - INFO - [bucb] step 1/5: rho=0.75 -> masked 0 / 999810 items
2025-10-11 05:30:14,939 - INFO - [bucb] pick 1/5: min-d_batch=1.000, min-d_hist=0.707
2025-10-11 05:30:20,872 - INFO - [bucb] step 2/5: rho=0.75 -> masked 9685 / 999810 items
2025-10-11 05:30:20,881 - INFO - [bucb] pick 2/5: min-d_batch=0.830, min-d_hist=0.767
2025-10-11 05:30:29,838 - INFO - [bucb] step 3/5: rho=0.75 -> masked 9883 / 999810 items
2025-10-11 05:30:29,847 - INFO - [bucb] pick 3/5: min-d_batch=0.843, min-d_hist=0.740
2025-10-11 05:30:41,849 - INFO - [bucb] step 4/5: rho=0.75 -> masked 10308 / 999810 items
2025-10-11 05:30:41,858 - INFO - [bucb] pick 4/5: min-d_batch=0.837, min-d_hist=0.776
2025-10-11 05:30:56,840 - INFO - [bucb] step 5/5: rho=0.75 -> masked 12148 / 999810 items
2025-10-11 05:30:56,849 - INFO - [bucb] pick 5/5: min-d_batch=0.832, min-d_hist=0.748
2025-10-11 05:30:59,805 - INFO - [round 36] pick 1/5: CC(C)Oc1ccc(S(=O)(=O)N2CCN(c3ccc(C(=O)NC4CC4)c(OCC(=O)O)c3)CC2)cc1 | UCB=1.471 | mu=0.6269 | std=0.8443 | f=0.6389 | min-d_batch=1.000 | min-d_hist=0.707
2025-10-11 05:31:00,036 - INFO - [round 36] pick 2/5: CN1Cc2cc(C(=O)NCCNc3cccc(N)n3)ccc2NC(CC(=O)O)C1=O | UCB=1.465 | mu=0.5829 | std=0.8822 | f=0.5841 | min-d_batch=0.830 | min-d_hist=0.767
2025-10-11 05:31:00,272 - INFO - [round 36] pick 3/5: N=C(O)CNC(=O)c1cc2c(nc1O)CC13CCN(CC4CC4)C(Cc4ccc(O)cc41)C3C2 | UCB=1.455 | mu=0.5578 | std=0.8974 | f=0.6628 | min-d_batch=0.843 | min-d_hist=0.740
2025-10-11 05:31:00,506 - INFO - [round 36] pick 4/5: CC(NC(=O)C1C=CC2(CCNCC2)n2c(=O)n(Cc3ccc4c(c3)OCO4)c(=O)n21)C(N)=O | UCB=1.455 | mu=0.5576 | std=0.8975 | f=0.5697 | min-d_batch=0.837 | min-d_hist=0.776
2025-10-11 05:31:00,739 - INFO - [round 36] pick 5/5: Cc1c(CC(=O)NC(CCCNC(N)=O)C(=O)O)c(=O)oc2c(C)c(O)ccc12 | UCB=1.445 | mu=0.5595 | std=0.8859 | f=0.5735 | min-d_batch=0.832 | min-d_hist=0.748
2025-10-11 05:31:00,973 - INFO - Round 36 done in 1241.46s; train size=195
2025-10-11 05:31:00,973 - INFO - 
--- Round 37 | trial=3 | sqrt_beta=1.0000 (beta=1.0000) | rho=0.75 | pack=batch | train size=195 ---
2025-10-11 05:51:07,317 - INFO - [bucb] step 1/5: rho=0.75 -> masked 0 / 999805 items
2025-10-11 05:51:07,323 - INFO - [bucb] pick 1/5: min-d_batch=1.000, min-d_hist=0.710
2025-10-11 05:51:13,115 - INFO - [bucb] step 2/5: rho=0.75 -> masked 1799 / 999805 items
2025-10-11 05:51:13,124 - INFO - [bucb] pick 2/5: min-d_batch=0.843, min-d_hist=0.769
2025-10-11 05:51:22,090 - INFO - [bucb] step 3/5: rho=0.75 -> masked 2100 / 999805 items
2025-10-11 05:51:22,099 - INFO - [bucb] pick 3/5: min-d_batch=0.857, min-d_hist=0.776
2025-10-11 05:51:33,944 - INFO - [bucb] step 4/5: rho=0.75 -> masked 2203 / 999805 items
2025-10-11 05:51:33,953 - INFO - [bucb] pick 4/5: min-d_batch=0.847, min-d_hist=0.720
2025-10-11 05:51:48,630 - INFO - [bucb] step 5/5: rho=0.75 -> masked 3699 / 999805 items
2025-10-11 05:51:48,638 - INFO - [bucb] pick 5/5: min-d_batch=0.824, min-d_hist=0.789
2025-10-11 05:51:51,792 - INFO - [round 37] pick 1/5: CCOc1cc(OC2CCN(S(C)(=O)=O)CC2)cc(C(Nc2ccc(C(=N)N)cc2)C(=O)O)c1 | UCB=1.47 | mu=0.6082 | std=0.8614 | f=0.6724 | min-d_batch=1.000 | min-d_hist=0.710
2025-10-11 05:51:52,035 - INFO - [round 37] pick 2/5: O=C(NC1CSSCC(C(=O)O)NC(=O)C2CCCN2C(=O)C(CO)NC1=O)c1cccc2cc(O)ccc12 | UCB=1.462 | mu=0.5672 | std=0.8946 | f=0.6085 | min-d_batch=0.843 | min-d_hist=0.769
2025-10-11 05:51:52,279 - INFO - [round 37] pick 3/5: COCC(O)Cn1c(=O)cnn(-c2ccc(Cl)c(C(=O)NCC3(O)CCCCCC3)c2)c1=O | UCB=1.45 | mu=0.5472 | std=0.9025 | f=0.6078 | min-d_batch=0.857 | min-d_hist=0.776
2025-10-11 05:51:52,523 - INFO - [round 37] pick 4/5: O=C(O)CCCCCN1CCN(c2ncnc3[nH]c4ccc(O)cc4c23)CC1 | UCB=1.452 | mu=0.5969 | std=0.8548 | f=0.6592 | min-d_batch=0.847 | min-d_hist=0.720
2025-10-11 05:51:52,769 - INFO - [round 37] pick 5/5: CCCNC(=O)Nc1ccc2c(c1)C(=O)N(C)C1CCC(CC(=O)O)OC1CO2 | UCB=1.455 | mu=0.5559 | std=0.8988 | f=0.5922 | min-d_batch=0.824 | min-d_hist=0.789
2025-10-11 05:51:53,017 - INFO - Round 37 done in 1252.04s; train size=200
2025-10-11 05:51:53,017 - INFO - 
--- Round 38 | trial=3 | sqrt_beta=1.0000 (beta=1.0000) | rho=0.75 | pack=batch | train size=200 ---
2025-10-11 06:11:55,469 - INFO - [bucb] step 1/5: rho=0.75 -> masked 0 / 999800 items
2025-10-11 06:11:55,475 - INFO - [bucb] pick 1/5: min-d_batch=1.000, min-d_hist=0.718
2025-10-11 06:12:01,824 - INFO - [bucb] step 2/5: rho=0.75 -> masked 1507 / 999800 items
2025-10-11 06:12:01,833 - INFO - [bucb] pick 2/5: min-d_batch=0.858, min-d_hist=0.766
2025-10-11 06:12:10,581 - INFO - [bucb] step 3/5: rho=0.75 -> masked 1924 / 999800 items
2025-10-11 06:12:10,590 - INFO - [bucb] pick 3/5: min-d_batch=0.815, min-d_hist=0.745
2025-10-11 06:12:22,675 - INFO - [bucb] step 4/5: rho=0.75 -> masked 3642 / 999800 items
2025-10-11 06:12:22,684 - INFO - [bucb] pick 4/5: min-d_batch=0.848, min-d_hist=0.702
2025-10-11 06:12:37,594 - INFO - [bucb] step 5/5: rho=0.75 -> masked 4988 / 999800 items
2025-10-11 06:12:37,604 - INFO - [bucb] pick 5/5: min-d_batch=0.808, min-d_hist=0.782
2025-10-11 06:12:41,054 - INFO - [round 38] pick 1/5: CC(NC(=O)c1ccc(O)cc1)C(=O)N1CCN(CCCOc2ccc(-c3noc(CC4CCCC4)n3)c(F)c2)CC1 | UCB=1.469 | mu=0.6012 | std=0.8676 | f=0.6775 | min-d_batch=1.000 | min-d_hist=0.718
2025-10-11 06:12:41,304 - INFO - [round 38] pick 2/5: CC1CCC(=NNc2cccc(C(=O)O)c2)c2ncc(C(=O)O)c(=O)n21 | UCB=1.458 | mu=0.5751 | std=0.8829 | f=0.5637 | min-d_batch=0.858 | min-d_hist=0.766
2025-10-11 06:12:41,552 - INFO - [round 38] pick 3/5: CCN(CC)S(=O)(=O)c1ccc2nc(O)cc(C(=O)NCC(c3ccco3)N3CCCC3)c2c1 | UCB=1.468 | mu=0.59 | std=0.8784 | f=0.6458 | min-d_batch=0.815 | min-d_hist=0.745
2025-10-11 06:12:41,802 - INFO - [round 38] pick 4/5: CC1(c2ccc(C(=N)N)cc2)NC(=O)N(CC(=O)NC(CC(=O)O)C23CC4CC(CC(C4)C2)C3)C1=O | UCB=1.455 | mu=0.5634 | std=0.8913 | f=0.6068 | min-d_batch=0.848 | min-d_hist=0.702
2025-10-11 06:12:42,062 - INFO - [round 38] pick 5/5: O=C1OC2(c3ccc(O)cc3Oc3cc(O)ccc32)c2ccc(NC(=S)NCCCCCC(=O)N3CCCC3C(=O)N3CCCC3C(=O)CO)cc21 | UCB=1.455 | mu=0.5597 | std=0.8948 | f=0.6315 | min-d_batch=0.808 | min-d_hist=0.782
2025-10-11 06:12:42,314 - INFO - Round 38 done in 1249.30s; train size=205
2025-10-11 06:12:42,314 - INFO - 
--- Round 39 | trial=3 | sqrt_beta=1.0000 (beta=1.0000) | rho=0.75 | pack=batch | train size=205 ---
2025-10-11 06:34:47,681 - INFO - [bucb] step 1/5: rho=0.75 -> masked 0 / 999795 items
2025-10-11 06:34:47,687 - INFO - [bucb] pick 1/5: min-d_batch=1.000, min-d_hist=0.746
2025-10-11 06:34:53,964 - INFO - [bucb] step 2/5: rho=0.75 -> masked 791 / 999795 items
2025-10-11 06:34:53,972 - INFO - [bucb] pick 2/5: min-d_batch=0.867, min-d_hist=0.737
2025-10-11 06:35:02,660 - INFO - [bucb] step 3/5: rho=0.75 -> masked 1616 / 999795 items
2025-10-11 06:35:02,669 - INFO - [bucb] pick 3/5: min-d_batch=0.866, min-d_hist=0.672
2025-10-11 06:35:14,280 - INFO - [bucb] step 4/5: rho=0.75 -> masked 2271 / 999795 items
2025-10-11 06:35:14,288 - INFO - [bucb] pick 4/5: min-d_batch=0.858, min-d_hist=0.772
2025-10-11 06:35:28,950 - INFO - [bucb] step 5/5: rho=0.75 -> masked 2455 / 999795 items
2025-10-11 06:35:28,959 - INFO - [bucb] pick 5/5: min-d_batch=0.851, min-d_hist=0.789
2025-10-11 06:35:32,087 - INFO - [round 39] pick 1/5: NC(=O)c1cccc2c(NC(CCN3CCCC3)c3cccc(NC(=O)c4cc(C5CC5)n[nH]4)c3)ncnc12 | UCB=1.469 | mu=0.5931 | std=0.8763 | f=0.6704 | min-d_batch=1.000 | min-d_hist=0.746
2025-10-11 06:35:32,347 - INFO - [round 39] pick 2/5: CS(=O)(=O)N1CCN(C(CNC(=O)c2ccc(OCC#CCO)cc2)C(=O)NO)CC1 | UCB=1.463 | mu=0.5803 | std=0.8822 | f=0.5931 | min-d_batch=0.867 | min-d_hist=0.737
2025-10-11 06:35:32,613 - INFO - [round 39] pick 3/5: O=C(O)CC1(CC(=O)O)CC2(O)C3Cc4ccc(O)cc4C2(CCN3CC2CC2)CC1=O | UCB=1.456 | mu=0.5799 | std=0.8762 | f=0.6511 | min-d_batch=0.866 | min-d_hist=0.672
2025-10-11 06:35:32,877 - INFO - [round 39] pick 4/5: CC(=O)NCC1OC(=O)N2c3ccc(-c4ccc(N5CCOC5=O)nc4)cc3[S+](O)CC12 | UCB=1.454 | mu=0.5534 | std=0.9007 | f=0.6267 | min-d_batch=0.858 | min-d_hist=0.772
2025-10-11 06:35:33,140 - INFO - [round 39] pick 5/5: CC(=O)c1ccc(OCCCCCOc2cc3c(cc2C(C)=O)CCC(C(=O)O)O3)cc1O | UCB=1.457 | mu=0.5642 | std=0.8924 | f=0.6514 | min-d_batch=0.851 | min-d_hist=0.789
2025-10-11 06:35:33,406 - INFO - Round 39 done in 1371.09s; train size=210
2025-10-11 06:35:33,406 - INFO - 
--- Round 40 | trial=3 | sqrt_beta=1.0000 (beta=1.0000) | rho=0.75 | pack=batch | train size=210 ---
2025-10-11 06:58:14,790 - INFO - [bucb] step 1/5: rho=0.75 -> masked 0 / 999790 items
2025-10-11 06:58:14,796 - INFO - [bucb] pick 1/5: min-d_batch=1.000, min-d_hist=0.669
2025-10-11 06:58:20,644 - INFO - [bucb] step 2/5: rho=0.75 -> masked 2271 / 999790 items
2025-10-11 06:58:20,653 - INFO - [bucb] pick 2/5: min-d_batch=0.842, min-d_hist=0.780
2025-10-11 06:58:29,736 - INFO - [bucb] step 3/5: rho=0.75 -> masked 3165 / 999790 items
2025-10-11 06:58:29,745 - INFO - [bucb] pick 3/5: min-d_batch=0.836, min-d_hist=0.765
2025-10-11 06:58:41,814 - INFO - [bucb] step 4/5: rho=0.75 -> masked 4391 / 999790 items
2025-10-11 06:58:41,823 - INFO - [bucb] pick 4/5: min-d_batch=0.838, min-d_hist=0.744
2025-10-11 06:58:56,796 - INFO - [bucb] step 5/5: rho=0.75 -> masked 4549 / 999790 items
2025-10-11 06:58:56,804 - INFO - [bucb] pick 5/5: min-d_batch=0.844, min-d_hist=0.709
2025-10-11 06:59:00,018 - INFO - [round 40] pick 1/5: CC(CC(=O)O)N1Cc2ccc(NC(=O)c3cccc(N4CCNCC4)c3)cc2C1=O | UCB=1.468 | mu=0.6245 | std=0.8433 | f=0.6667 | min-d_batch=1.000 | min-d_hist=0.669
2025-10-11 06:59:00,293 - INFO - [round 40] pick 2/5: CC(=O)NC(Cc1ccc(OP(=O)(O)O)cc1)C(=O)NC1CCCOc2cc(OCC3CCCCC3)c(C(N)=O)cc21 | UCB=1.466 | mu=0.5744 | std=0.8916 | f=0.6139 | min-d_batch=0.842 | min-d_hist=0.780
2025-10-11 06:59:00,567 - INFO - [round 40] pick 3/5: CCCc1c(C(=O)NCCCN2CCCC2)cn2ncnc(Nc3ccc(C)c(O)c3)c12 | UCB=1.458 | mu=0.5817 | std=0.8761 | f=0.6366 | min-d_batch=0.836 | min-d_hist=0.765
2025-10-11 06:59:00,843 - INFO - [round 40] pick 4/5: COC1(NC(=O)C(C(=O)O)c2ccc(O)cc2)C(=O)N2C(C(=O)O)=C(CSc3nnnn3C)CCC21 | UCB=1.459 | mu=0.5717 | std=0.8877 | f=0.5703 | min-d_batch=0.838 | min-d_hist=0.744
2025-10-11 06:59:01,126 - INFO - [round 40] pick 5/5: CS(=O)(=O)N1CCN(CC(O)CN2CCC(CNC(=O)c3cccc4[nH]c(C5CC5)nc34)CC2)CC1 | UCB=1.456 | mu=0.5879 | std=0.8684 | f=0.6114 | min-d_batch=0.844 | min-d_hist=0.709
2025-10-11 06:59:01,406 - INFO - Round 40 done in 1408.00s; train size=215
2025-10-11 06:59:01,406 - INFO - 
--- Round 41 | trial=3 | sqrt_beta=1.0000 (beta=1.0000) | rho=0.75 | pack=batch | train size=215 ---
2025-10-11 07:21:01,526 - INFO - [bucb] step 1/5: rho=0.75 -> masked 0 / 999785 items
2025-10-11 07:21:01,532 - INFO - [bucb] pick 1/5: min-d_batch=1.000, min-d_hist=0.751
2025-10-11 07:21:07,455 - INFO - [bucb] step 2/5: rho=0.75 -> masked 792 / 999785 items
2025-10-11 07:21:07,463 - INFO - [bucb] pick 2/5: min-d_batch=0.866, min-d_hist=0.762
2025-10-11 07:21:16,475 - INFO - [bucb] step 3/5: rho=0.75 -> masked 943 / 999785 items
2025-10-11 07:21:16,484 - INFO - [bucb] pick 3/5: min-d_batch=0.822, min-d_hist=0.640
2025-10-11 07:21:28,608 - INFO - [bucb] step 4/5: rho=0.75 -> masked 2799 / 999785 items
2025-10-11 07:21:28,616 - INFO - [bucb] pick 4/5: min-d_batch=0.833, min-d_hist=0.717
2025-10-11 07:21:43,483 - INFO - [bucb] step 5/5: rho=0.75 -> masked 4604 / 999785 items
2025-10-11 07:21:43,492 - INFO - [bucb] pick 5/5: min-d_batch=0.854, min-d_hist=0.790
2025-10-11 07:21:46,746 - INFO - [round 41] pick 1/5: CN1CCCC1CCNC(=O)c1cccc2c1C(=O)c1ccc(N3CCCC3)cc1S2(=O)=O | UCB=1.469 | mu=0.5903 | std=0.879 | f=0.6557 | min-d_batch=1.000 | min-d_hist=0.751
2025-10-11 07:21:47,029 - INFO - [round 41] pick 2/5: CC1(C)C2CCC1(S(=O)(=O)NC(CNC(=O)c1cc3cc(OCCON=C(N)N)ccc3[nH]1)C(=O)O)CC2 | UCB=1.461 | mu=0.5665 | std=0.895 | f=0.5794 | min-d_batch=0.866 | min-d_hist=0.762
2025-10-11 07:21:47,307 - INFO - [round 41] pick 3/5: O=C(O)CC(NC(=O)C1CC(=O)N(c2cccc(NC3=NCCCN3)c2)C1)c1ccc2c(c1)OCO2 | UCB=1.468 | mu=0.6175 | std=0.8508 | f=0.6292 | min-d_batch=0.822 | min-d_hist=0.640
2025-10-11 07:21:47,595 - INFO - [round 41] pick 4/5: CCOC(=O)c1ccc(NC(=O)CN2CCN(CCN=CC3=C(O)CC(C)(C)CC3=O)CC2)cc1 | UCB=1.466 | mu=0.5922 | std=0.8733 | f=0.6688 | min-d_batch=0.833 | min-d_hist=0.717
2025-10-11 07:21:47,892 - INFO - [round 41] pick 5/5: CCC1CN(C(=O)C(C)O)CCC1Nc1c(C(N)=O)cnn2cc(-c3ccnc(OC)c3)cc12 | UCB=1.457 | mu=0.5545 | std=0.9021 | f=0.6246 | min-d_batch=0.854 | min-d_hist=0.790
2025-10-11 07:21:48,184 - INFO - Round 41 done in 1366.78s; train size=220
2025-10-11 07:21:48,184 - INFO - 
--- Round 42 | trial=3 | sqrt_beta=1.0000 (beta=1.0000) | rho=0.75 | pack=batch | train size=220 ---
2025-10-11 07:43:50,677 - INFO - [bucb] step 1/5: rho=0.75 -> masked 0 / 999780 items
2025-10-11 07:43:50,683 - INFO - [bucb] pick 1/5: min-d_batch=1.000, min-d_hist=0.756
2025-10-11 07:43:56,501 - INFO - [bucb] step 2/5: rho=0.75 -> masked 125 / 999780 items
2025-10-11 07:43:56,510 - INFO - [bucb] pick 2/5: min-d_batch=0.865, min-d_hist=0.737
2025-10-11 07:44:05,269 - INFO - [bucb] step 3/5: rho=0.75 -> masked 2340 / 999780 items
2025-10-11 07:44:05,278 - INFO - [bucb] pick 3/5: min-d_batch=0.852, min-d_hist=0.732
2025-10-11 07:44:16,962 - INFO - [bucb] step 4/5: rho=0.75 -> masked 5714 / 999780 items
2025-10-11 07:44:16,970 - INFO - [bucb] pick 4/5: min-d_batch=0.841, min-d_hist=0.703
2025-10-11 07:44:31,530 - INFO - [bucb] step 5/5: rho=0.75 -> masked 7234 / 999780 items
2025-10-11 07:44:31,539 - INFO - [bucb] pick 5/5: min-d_batch=0.838, min-d_hist=0.769
2025-10-11 07:44:34,792 - INFO - [round 42] pick 1/5: CCc1cc(C(C)=O)c(O)cc1OCc1cccc(C(=O)NC2COC(=O)C2)n1 | UCB=1.469 | mu=0.5857 | std=0.8837 | f=0.5861 | min-d_batch=1.000 | min-d_hist=0.756
2025-10-11 07:44:35,087 - INFO - [round 42] pick 2/5: CCCCN1C(=O)C(C(O)C2CCC2)NC(=O)C12CCN(Cc1ccc(Oc3ccc(C(=O)O)cc3)cc1)CC2 | UCB=1.468 | mu=0.5943 | std=0.8741 | f=0.7202 | min-d_batch=0.865 | min-d_hist=0.737
2025-10-11 07:44:35,389 - INFO - [round 42] pick 3/5: NC(=O)c1nn(-c2ccc3c(c2)OCO3)c2c1CCc1ccc(NC(=O)CN3CCCC3)cc1-2 | UCB=1.466 | mu=0.6113 | std=0.8544 | f=0.6061 | min-d_batch=0.852 | min-d_hist=0.732
2025-10-11 07:44:35,689 - INFO - [round 42] pick 4/5: CCC(NC(=O)C(NC(=O)C1CCCN1C(=O)CNC(=O)c1cc(O)ccc1O)C(C)CC)C(=O)O | UCB=1.459 | mu=0.5974 | std=0.8619 | f=0.6046 | min-d_batch=0.841 | min-d_hist=0.703
2025-10-11 07:44:35,986 - INFO - [round 42] pick 5/5: CS(=O)(=O)N1CCCC(Nc2nc(N3CCC(CC(=O)O)CC3)ncc2-c2cnc3[nH]ccc3n2)C1 | UCB=1.454 | mu=0.5558 | std=0.8981 | f=0.6053 | min-d_batch=0.838 | min-d_hist=0.769
2025-10-11 07:44:36,286 - INFO - Round 42 done in 1368.10s; train size=225
2025-10-11 07:44:36,286 - INFO - 
--- Round 43 | trial=3 | sqrt_beta=1.0000 (beta=1.0000) | rho=0.75 | pack=batch | train size=225 ---
2025-10-11 08:07:55,258 - INFO - [bucb] step 1/5: rho=0.75 -> masked 0 / 999775 items
2025-10-11 08:07:55,264 - INFO - [bucb] pick 1/5: min-d_batch=1.000, min-d_hist=0.692
2025-10-11 08:08:01,034 - INFO - [bucb] step 2/5: rho=0.75 -> masked 2734 / 999775 items
2025-10-11 08:08:01,043 - INFO - [bucb] pick 2/5: min-d_batch=0.869, min-d_hist=0.750
2025-10-11 08:08:09,597 - INFO - [bucb] step 3/5: rho=0.75 -> masked 3206 / 999775 items
2025-10-11 08:08:09,606 - INFO - [bucb] pick 3/5: min-d_batch=0.840, min-d_hist=0.700
2025-10-11 08:08:21,191 - INFO - [bucb] step 4/5: rho=0.75 -> masked 5811 / 999775 items
2025-10-11 08:08:21,200 - INFO - [bucb] pick 4/5: min-d_batch=0.845, min-d_hist=0.781
2025-10-11 08:08:36,067 - INFO - [bucb] step 5/5: rho=0.75 -> masked 5937 / 999775 items
2025-10-11 08:08:36,076 - INFO - [bucb] pick 5/5: min-d_batch=0.849, min-d_hist=0.778
2025-10-11 08:08:39,195 - INFO - [round 43] pick 1/5: CCn1cc(C(=O)O)c(=O)c2cnc(N3CCN(C(=S)Nc4ccc(C(=O)O)cc4)CC3)nc21 | UCB=1.472 | mu=0.6281 | std=0.844 | f=0.6192 | min-d_batch=1.000 | min-d_hist=0.692
2025-10-11 08:08:39,508 - INFO - [round 43] pick 2/5: COc1cc(C(O)C(=O)N2CCCC2C(=O)NCC2CCC(N)CC2)ccc1O | UCB=1.465 | mu=0.5859 | std=0.8795 | f=0.6427 | min-d_batch=0.869 | min-d_hist=0.750
2025-10-11 08:08:39,829 - INFO - [round 43] pick 3/5: O=C1CCC(c2cccc(C(=O)NCCCO)c2)(C2CCN(Cc3ccc(Br)cc3)CC2)C(=O)N1 | UCB=1.469 | mu=0.6107 | std=0.858 | f=0.7285 | min-d_batch=0.840 | min-d_hist=0.700
2025-10-11 08:08:40,139 - INFO - [round 43] pick 4/5: CC(O)C1C(=O)N2C(C(=O)O)=C(CN3c4cccc5cc(C[N+]67CC[N+](CC(N)=O)(CC6)CC7)cc(c45)S3(=O)=O)C(C)C12 | UCB=1.462 | mu=0.5489 | std=0.9134 | f=0.6208 | min-d_batch=0.845 | min-d_hist=0.781
2025-10-11 08:08:40,453 - INFO - [round 43] pick 5/5: CCCC1OC(CC(=O)O)CC2(SCC(NC(C)=O)C(=O)O)C(=O)c3cccc(O)c3C(=O)C12O | UCB=1.449 | mu=0.5532 | std=0.8955 | f=0.5919 | min-d_batch=0.849 | min-d_hist=0.778
2025-10-11 08:08:40,765 - INFO - Round 43 done in 1444.48s; train size=230
2025-10-11 08:08:40,765 - INFO - 
--- Round 44 | trial=3 | sqrt_beta=1.0000 (beta=1.0000) | rho=0.75 | pack=batch | train size=230 ---
2025-10-11 08:32:21,291 - INFO - [bucb] step 1/5: rho=0.75 -> masked 0 / 999770 items
2025-10-11 08:32:21,297 - INFO - [bucb] pick 1/5: min-d_batch=1.000, min-d_hist=0.706
2025-10-11 08:32:27,257 - INFO - [bucb] step 2/5: rho=0.75 -> masked 1982 / 999770 items
2025-10-11 08:32:27,266 - INFO - [bucb] pick 2/5: min-d_batch=0.836, min-d_hist=0.753
2025-10-11 08:32:36,361 - INFO - [bucb] step 3/5: rho=0.75 -> masked 3433 / 999770 items
2025-10-11 08:32:36,370 - INFO - [bucb] pick 3/5: min-d_batch=0.844, min-d_hist=0.755
2025-10-11 08:32:48,253 - INFO - [bucb] step 4/5: rho=0.75 -> masked 3585 / 999770 items
2025-10-11 08:32:48,262 - INFO - [bucb] pick 4/5: min-d_batch=0.840, min-d_hist=0.772
2025-10-11 08:33:03,144 - INFO - [bucb] step 5/5: rho=0.75 -> masked 3814 / 999770 items
2025-10-11 08:33:03,153 - INFO - [bucb] pick 5/5: min-d_batch=0.836, min-d_hist=0.795
2025-10-11 08:33:06,295 - INFO - [round 44] pick 1/5: CC(C)(C)C1CCC2(CC1)CCN(c1ccc(OC(F)(F)F)cc1)C(=O)N2Cc1ccc(C(=O)NCC(O)C(=O)O)cc1 | UCB=1.475 | mu=0.6083 | std=0.8666 | f=0.4448 | min-d_batch=1.000 | min-d_hist=0.706
2025-10-11 08:33:06,606 - INFO - [round 44] pick 2/5: CCOC(=O)c1cccc(NC(=O)C2CCC(CN=c3c(N4CCOCC4)c(O)c3=O)CC2)c1 | UCB=1.474 | mu=0.6114 | std=0.863 | f=0.6261 | min-d_batch=0.836 | min-d_hist=0.753
2025-10-11 08:33:06,923 - INFO - [round 44] pick 3/5: COc1ccc(C(CC(=O)O)N2CCN(CCCc3ccc4c(n3)NC(=O)CC4)C2=O)cn1 | UCB=1.465 | mu=0.5799 | std=0.885 | f=0.6583 | min-d_batch=0.844 | min-d_hist=0.755
2025-10-11 08:33:07,246 - INFO - [round 44] pick 4/5: CC1CNc2c(cccc2S(=O)(=O)NC(CCCNC(N)N)C(=O)N2CCCCC2C(=O)O)C1 | UCB=1.461 | mu=0.566 | std=0.8953 | f=0.6051 | min-d_batch=0.840 | min-d_hist=0.772
2025-10-11 08:33:07,567 - INFO - [round 44] pick 5/5: CNC(=O)c1c(C(N)=O)nc2n1CCOc1ccc(C#CC3(O)CCN(C)C3=O)cc1-2 | UCB=1.461 | mu=0.5568 | std=0.9038 | f=0.5388 | min-d_batch=0.836 | min-d_hist=0.795
2025-10-11 08:33:07,886 - INFO - Round 44 done in 1467.12s; train size=235
2025-10-11 08:33:07,886 - INFO - 
--- Round 45 | trial=3 | sqrt_beta=1.0000 (beta=1.0000) | rho=0.75 | pack=batch | train size=235 ---
2025-10-11 08:57:11,589 - INFO - [bucb] step 1/5: rho=0.75 -> masked 0 / 999765 items
2025-10-11 08:57:11,595 - INFO - [bucb] pick 1/5: min-d_batch=1.000, min-d_hist=0.781
2025-10-11 08:57:17,855 - INFO - [bucb] step 2/5: rho=0.75 -> masked 94 / 999765 items
2025-10-11 08:57:17,864 - INFO - [bucb] pick 2/5: min-d_batch=0.866, min-d_hist=0.679
2025-10-11 08:57:27,036 - INFO - [bucb] step 3/5: rho=0.75 -> masked 439 / 999765 items
2025-10-11 08:57:27,045 - INFO - [bucb] pick 3/5: min-d_batch=0.830, min-d_hist=0.772
2025-10-11 08:57:38,694 - INFO - [bucb] step 4/5: rho=0.75 -> masked 1044 / 999765 items
2025-10-11 08:57:38,703 - INFO - [bucb] pick 4/5: min-d_batch=0.853, min-d_hist=0.746
2025-10-11 08:57:52,537 - INFO - [bucb] step 5/5: rho=0.75 -> masked 1280 / 999765 items
2025-10-11 08:57:52,547 - INFO - [bucb] pick 5/5: min-d_batch=0.833, min-d_hist=0.773
2025-10-11 08:57:55,554 - INFO - [round 45] pick 1/5: CCOc1cc2c(=N)[nH]ccc2cc1CC(C(=O)O)N1CCC(NS(=O)(=O)c2cnc(N3CCCC3)s2)C1=O | UCB=1.471 | mu=0.5771 | std=0.8944 | f=0.5948 | min-d_batch=1.000 | min-d_hist=0.781
2025-10-11 08:57:55,876 - INFO - [round 45] pick 2/5: CC(C)C(CN1CCC(C)(c2cccc(C(N)=O)c2)C(C)C1)NC(=O)C1Cc2ccc(O)cc2CN1 | UCB=1.47 | mu=0.6017 | std=0.8687 | f=0.6713 | min-d_batch=0.866 | min-d_hist=0.679
2025-10-11 08:57:56,200 - INFO - [round 45] pick 3/5: O=C(O)COc1ccc(-c2cc3c([nH]2)c(=O)n(CC2CC2)c(=O)n3CC2CC2)cc1 | UCB=1.471 | mu=0.5929 | std=0.8779 | f=0.6205 | min-d_batch=0.830 | min-d_hist=0.772
2025-10-11 08:57:56,527 - INFO - [round 45] pick 4/5: Cn1ccc(C(=O)NCCCCCNC(=O)c2ccn(C)c(=O)c2O)c(O)c1=O | UCB=1.451 | mu=0.5684 | std=0.8822 | f=0.6152 | min-d_batch=0.853 | min-d_hist=0.746
2025-10-11 08:57:56,857 - INFO - [round 45] pick 5/5: O=C(O)CCC(NC(=O)c1cccc([N+](=O)[O-])c1)C(=O)NN1CCC2(CCCC2)CC1 | UCB=1.46 | mu=0.5791 | std=0.8809 | f=0.6423 | min-d_batch=0.833 | min-d_hist=0.773
2025-10-11 08:57:57,189 - INFO - Round 45 done in 1489.30s; train size=240
2025-10-11 08:57:57,189 - INFO - 
--- Round 46 | trial=3 | sqrt_beta=1.0000 (beta=1.0000) | rho=0.75 | pack=batch | train size=240 ---
2025-10-11 09:22:27,530 - INFO - [bucb] step 1/5: rho=0.75 -> masked 0 / 999760 items
2025-10-11 09:22:27,536 - INFO - [bucb] pick 1/5: min-d_batch=1.000, min-d_hist=0.783
2025-10-11 09:22:33,848 - INFO - [bucb] step 2/5: rho=0.75 -> masked 148 / 999760 items
2025-10-11 09:22:33,856 - INFO - [bucb] pick 2/5: min-d_batch=0.861, min-d_hist=0.687
2025-10-11 09:22:42,886 - INFO - [bucb] step 3/5: rho=0.75 -> masked 978 / 999760 items
2025-10-11 09:22:42,895 - INFO - [bucb] pick 3/5: min-d_batch=0.830, min-d_hist=0.785
2025-10-11 09:22:54,998 - INFO - [bucb] step 4/5: rho=0.75 -> masked 1252 / 999760 items
2025-10-11 09:22:55,007 - INFO - [bucb] pick 4/5: min-d_batch=0.838, min-d_hist=0.760
2025-10-11 09:23:09,922 - INFO - [bucb] step 5/5: rho=0.75 -> masked 2530 / 999760 items
2025-10-11 09:23:09,932 - INFO - [bucb] pick 5/5: min-d_batch=0.848, min-d_hist=0.763
2025-10-11 09:23:13,162 - INFO - [round 46] pick 1/5: CS(=O)(=O)CCCOc1cccc2c1ccn2-c1ccnc(NC2CCC(C(=O)N3CCC(O)C3)CC2)n1 | UCB=1.472 | mu=0.5768 | std=0.8956 | f=0.6723 | min-d_batch=1.000 | min-d_hist=0.783
2025-10-11 09:23:13,505 - INFO - [round 46] pick 2/5: COc1ccc(C(=O)NC(=O)C2CCCN2C(=O)C(CC(N)=O)NC(=O)C2CCC(=O)N2)cc1O | UCB=1.469 | mu=0.6196 | std=0.8496 | f=0.5686 | min-d_batch=0.861 | min-d_hist=0.687
2025-10-11 09:23:13,839 - INFO - [round 46] pick 3/5: Cc1c(C(O)CN2CCCC3(CCCN(C(=O)c4ccc(S(C)(=O)=O)nc4)C3)C2)ccc2c1COC2=O | UCB=1.472 | mu=0.5782 | std=0.8934 | f=0.6894 | min-d_batch=0.830 | min-d_hist=0.785
2025-10-11 09:23:14,176 - INFO - [round 46] pick 4/5: N=C(N)NCc1cccc(COc2ccc3c(c2)CCN(CC(=O)O)C3=O)c1 | UCB=1.466 | mu=0.5955 | std=0.8707 | f=0.6276 | min-d_batch=0.838 | min-d_hist=0.760
2025-10-11 09:23:14,516 - INFO - [round 46] pick 5/5: CCc1cc2c(cc1N1CCN(CC(O)(CCC(=O)O)CC(=O)O)CC1)C(C)(C)c1[nH]c3cc(C#N)ccc3c1C2=O | UCB=1.454 | mu=0.565 | std=0.8886 | f=0.6734 | min-d_batch=0.848 | min-d_hist=0.763
2025-10-11 09:23:14,855 - INFO - Round 46 done in 1517.67s; train size=245
2025-10-11 09:23:14,856 - INFO - 
--- Round 47 | trial=3 | sqrt_beta=1.0000 (beta=1.0000) | rho=0.75 | pack=batch | train size=245 ---
2025-10-11 09:48:06,271 - INFO - [bucb] step 1/5: rho=0.75 -> masked 0 / 999755 items
2025-10-11 09:48:06,277 - INFO - [bucb] pick 1/5: min-d_batch=1.000, min-d_hist=0.723
2025-10-11 09:48:12,332 - INFO - [bucb] step 2/5: rho=0.75 -> masked 1293 / 999755 items
2025-10-11 09:48:12,341 - INFO - [bucb] pick 2/5: min-d_batch=0.860, min-d_hist=0.772
2025-10-11 09:48:21,426 - INFO - [bucb] step 3/5: rho=0.75 -> masked 1544 / 999755 items
2025-10-11 09:48:21,435 - INFO - [bucb] pick 3/5: min-d_batch=0.848, min-d_hist=0.745
2025-10-11 09:48:33,575 - INFO - [bucb] step 4/5: rho=0.75 -> masked 2806 / 999755 items
2025-10-11 09:48:33,585 - INFO - [bucb] pick 4/5: min-d_batch=0.858, min-d_hist=0.749
2025-10-11 09:48:48,688 - INFO - [bucb] step 5/5: rho=0.75 -> masked 3818 / 999755 items
2025-10-11 09:48:48,697 - INFO - [bucb] pick 5/5: min-d_batch=0.834, min-d_hist=0.775
2025-10-11 09:48:51,866 - INFO - [round 47] pick 1/5: NS(=O)(=O)c1cc(C(=O)N2CCN(CC(O)COc3cccc4c3SCC(=O)N4)CC2)ccc1Cl | UCB=1.475 | mu=0.6138 | std=0.8613 | f=0.665 | min-d_batch=1.000 | min-d_hist=0.723
2025-10-11 09:48:52,214 - INFO - [round 47] pick 2/5: CCC12CCCC3C(C(=O)NCCN4CCCC4)Cc4c(n(c5ccc(O)cc45)C(=O)C1)C32 | UCB=1.473 | mu=0.5845 | std=0.8886 | f=0.4344 | min-d_batch=0.860 | min-d_hist=0.772
2025-10-11 09:48:52,562 - INFO - [round 47] pick 3/5: O=C(O)CC1CCN(CC(=O)NCC2CCC(Nc3nc4ccccc4[nH]3)CC2)C(=O)c2ccccc21 | UCB=1.471 | mu=0.6026 | std=0.868 | f=0.6808 | min-d_batch=0.848 | min-d_hist=0.745
2025-10-11 09:48:52,914 - INFO - [round 47] pick 4/5: CC(Cc1cc2c(c(C(N)=O)c1)N(CCCO)CC2)NCCOc1ccc2c(c1)OCO2 | UCB=1.452 | mu=0.575 | std=0.8769 | f=0.6113 | min-d_batch=0.858 | min-d_hist=0.749
2025-10-11 09:48:53,275 - INFO - [round 47] pick 5/5: CC(C)=CCn1c(N2CCCC(N)C2)nc2c1c(=O)n(CC(=O)c1cccc(C(=O)O)c1)c(=O)n2C | UCB=1.47 | mu=0.5751 | std=0.8945 | f=0.5847 | min-d_batch=0.834 | min-d_hist=0.775
2025-10-11 09:48:53,634 - INFO - Round 47 done in 1538.78s; train size=250
2025-10-11 09:48:53,635 - INFO - 
--- Round 48 | trial=3 | sqrt_beta=1.0000 (beta=1.0000) | rho=0.75 | pack=batch | train size=250 ---
2025-10-11 10:14:37,529 - INFO - [bucb] step 1/5: rho=0.75 -> masked 0 / 999750 items
2025-10-11 10:14:37,535 - INFO - [bucb] pick 1/5: min-d_batch=1.000, min-d_hist=0.763
2025-10-11 10:14:43,781 - INFO - [bucb] step 2/5: rho=0.75 -> masked 102 / 999750 items
2025-10-11 10:14:43,790 - INFO - [bucb] pick 2/5: min-d_batch=0.837, min-d_hist=0.751
2025-10-11 10:14:52,779 - INFO - [bucb] step 3/5: rho=0.75 -> masked 423 / 999750 items
2025-10-11 10:14:52,788 - INFO - [bucb] pick 3/5: min-d_batch=0.832, min-d_hist=0.768
2025-10-11 10:15:04,069 - INFO - [bucb] step 4/5: rho=0.75 -> masked 682 / 999750 items
2025-10-11 10:15:04,078 - INFO - [bucb] pick 4/5: min-d_batch=0.849, min-d_hist=0.784
2025-10-11 10:15:18,021 - INFO - [bucb] step 5/5: rho=0.75 -> masked 870 / 999750 items
2025-10-11 10:15:18,030 - INFO - [bucb] pick 5/5: min-d_batch=0.870, min-d_hist=0.799
2025-10-11 10:15:21,193 - INFO - [round 48] pick 1/5: CCCCCC(c1ccc(C(=O)O)c(Oc2cccc(Br)c2)c1)N1CCCC(n2cc(C)c(=O)[nH]c2=O)C1 | UCB=1.475 | mu=0.5949 | std=0.8801 | f=0.3469 | min-d_batch=1.000 | min-d_hist=0.763
2025-10-11 10:15:21,552 - INFO - [round 48] pick 2/5: Cc1cc(C)cc(CC(=O)N2CCC(CCCC3CCN(c4ccc(C(=O)NC(C(N)=O)C(C)O)cn4)CC3)CC2)c1 | UCB=1.474 | mu=0.6065 | std=0.8677 | f=0.6606 | min-d_batch=0.837 | min-d_hist=0.751
2025-10-11 10:15:21,914 - INFO - [round 48] pick 3/5: O=C(O)CNC(Cc1ccc([N+](=O)[O-])cc1)CN1CCN(CC(=O)O)CCN(CC(=O)O)CC1 | UCB=1.463 | mu=0.582 | std=0.881 | f=0.6487 | min-d_batch=0.832 | min-d_hist=0.768
2025-10-11 10:15:22,281 - INFO - [round 48] pick 4/5: O=C1CC2(CCN(c3nccc(-c4cc(C(=O)O)ccn4)n3)CC2)CN1 | UCB=1.457 | mu=0.5594 | std=0.898 | f=0.632 | min-d_batch=0.849 | min-d_hist=0.784
2025-10-11 10:15:22,652 - INFO - [round 48] pick 5/5: CC(C)(ON=C(C(=O)NC1C(=O)N(S(=O)(=O)O)C1CNC(=O)c1cccc(O)c1O)c1csc(N)n1)C(=O)O | UCB=1.442 | mu=0.5408 | std=0.9009 | f=0.5175 | min-d_batch=0.870 | min-d_hist=0.799
2025-10-11 10:15:23,018 - INFO - Round 48 done in 1589.38s; train size=255
2025-10-11 10:15:23,018 - INFO - 
--- Round 49 | trial=3 | sqrt_beta=1.0000 (beta=1.0000) | rho=0.75 | pack=batch | train size=255 ---
2025-10-11 10:40:30,074 - INFO - [bucb] step 1/5: rho=0.75 -> masked 0 / 999745 items
2025-10-11 10:40:30,080 - INFO - [bucb] pick 1/5: min-d_batch=1.000, min-d_hist=0.648
2025-10-11 10:40:36,046 - INFO - [bucb] step 2/5: rho=0.75 -> masked 296 / 999745 items
2025-10-11 10:40:36,055 - INFO - [bucb] pick 2/5: min-d_batch=0.837, min-d_hist=0.725
2025-10-11 10:40:45,212 - INFO - [bucb] step 3/5: rho=0.75 -> masked 346 / 999745 items
2025-10-11 10:40:45,221 - INFO - [bucb] pick 3/5: min-d_batch=0.859, min-d_hist=0.758
2025-10-11 10:40:57,482 - INFO - [bucb] step 4/5: rho=0.75 -> masked 456 / 999745 items
2025-10-11 10:40:57,491 - INFO - [bucb] pick 4/5: min-d_batch=0.848, min-d_hist=0.717
2025-10-11 10:41:12,552 - INFO - [bucb] step 5/5: rho=0.75 -> masked 1344 / 999745 items
2025-10-11 10:41:12,561 - INFO - [bucb] pick 5/5: min-d_batch=0.841, min-d_hist=0.781
2025-10-11 10:41:15,581 - INFO - [round 49] pick 1/5: CC(=N)N1CCC(Oc2ccc3c(c2)CC(C=Cc2cc(C(=N)N)ccc2O)N3S(=O)(=O)CC(=O)O)CC1 | UCB=1.472 | mu=0.6204 | std=0.8518 | f=0.6581 | min-d_batch=1.000 | min-d_hist=0.648
2025-10-11 10:41:15,954 - INFO - [round 49] pick 2/5: CC1(C)CN(c2ncc(C#N)cn2)CCC1Nc1c(C(N)=O)cnn2cc(N3CCC(CCCC(=O)O)C3=O)cc12 | UCB=1.468 | mu=0.5796 | std=0.8887 | f=0.6151 | min-d_batch=0.837 | min-d_hist=0.725
2025-10-11 10:41:16,326 - INFO - [round 49] pick 3/5: O=C(Cc1ccc2c(c1)CCO2)NN=C1CNc2cc(C(=O)NCCCCN3CCC(O)C3)cc(Br)c21 | UCB=1.46 | mu=0.5728 | std=0.887 | f=0.6193 | min-d_batch=0.859 | min-d_hist=0.758
2025-10-11 10:41:16,704 - INFO - [round 49] pick 4/5: CC(O)C(NC(=O)c1cc2c([nH]c3ccccc32)c(CCC(=O)N2CCCC2C(=O)O)n1)C(=O)O | UCB=1.464 | mu=0.6057 | std=0.8584 | f=0.6171 | min-d_batch=0.848 | min-d_hist=0.717
2025-10-11 10:41:17,082 - INFO - [round 49] pick 5/5: O=C(O)Cn1nnc(-c2cc(N3CCC4(CC3)CC(=O)c3c(Cl)cccc3O4)no2)n1 | UCB=1.453 | mu=0.5523 | std=0.9006 | f=0.5721 | min-d_batch=0.841 | min-d_hist=0.781
2025-10-11 10:41:17,461 - INFO - Round 49 done in 1554.44s; train size=260
2025-10-11 10:41:17,462 - INFO - 
--- Round 50 | trial=3 | sqrt_beta=1.0000 (beta=1.0000) | rho=0.75 | pack=batch | train size=260 ---
2025-10-11 11:07:58,178 - INFO - [bucb] step 1/5: rho=0.75 -> masked 0 / 999740 items
2025-10-11 11:07:58,185 - INFO - [bucb] pick 1/5: min-d_batch=1.000, min-d_hist=0.737
2025-10-11 11:08:03,838 - INFO - [bucb] step 2/5: rho=0.75 -> masked 420 / 999740 items
2025-10-11 11:08:03,847 - INFO - [bucb] pick 2/5: min-d_batch=0.875, min-d_hist=0.751
2025-10-11 11:08:12,456 - INFO - [bucb] step 3/5: rho=0.75 -> masked 1262 / 999740 items
2025-10-11 11:08:12,465 - INFO - [bucb] pick 3/5: min-d_batch=0.837, min-d_hist=0.789
2025-10-11 11:08:24,093 - INFO - [bucb] step 4/5: rho=0.75 -> masked 1593 / 999740 items
2025-10-11 11:08:24,102 - INFO - [bucb] pick 4/5: min-d_batch=0.850, min-d_hist=0.774
2025-10-11 11:08:38,747 - INFO - [bucb] step 5/5: rho=0.75 -> masked 1825 / 999740 items
2025-10-11 11:08:38,756 - INFO - [bucb] pick 5/5: min-d_batch=0.832, min-d_hist=0.801
2025-10-11 11:08:41,932 - INFO - [round 50] pick 1/5: CC(C)n1ncc2c1C(=O)CC1(CCN(C(=O)c3ccc4[nH]c(C(N)=O)cc4c3)CC1)C2 | UCB=1.473 | mu=0.5996 | std=0.8735 | f=0.6338 | min-d_batch=1.000 | min-d_hist=0.737
2025-10-11 11:08:42,315 - INFO - [round 50] pick 2/5: O=C(O)CCS(=O)(=O)Cc1ccc(NC(=O)c2cc(N(CC3CC3)C3CCCCC3)ncn2)cc1 | UCB=1.47 | mu=0.5947 | std=0.8753 | f=0.6773 | min-d_batch=0.875 | min-d_hist=0.751
2025-10-11 11:08:42,697 - INFO - [round 50] pick 3/5: COc1ccc2nccc(C(O)CCC3CCN(CCSc4ccc(C(=O)O)[se]4)CC3C(=O)O)c2c1 | UCB=1.464 | mu=0.5716 | std=0.8925 | f=0.714 | min-d_batch=0.837 | min-d_hist=0.789
2025-10-11 11:08:43,088 - INFO - [round 50] pick 4/5: CN(C)C1C(O)=C(C(=O)NCN2CCN(C(=N)NC(=N)N)CC2)C(=O)C2(O)C(O)=C3C(=O)c4c(O)cccc4C(C)(O)C3CC12 | UCB=1.449 | mu=0.5448 | std=0.9046 | f=0.5917 | min-d_batch=0.850 | min-d_hist=0.774
2025-10-11 11:08:43,477 - INFO - [round 50] pick 5/5: O=C(NCCO)C1CCCN(Cc2nc(-c3cn(CC4CCS(=O)(=O)CC4)c4c(Cl)cccc34)ns2)C1 | UCB=1.454 | mu=0.549 | std=0.9051 | f=0.6239 | min-d_batch=0.832 | min-d_hist=0.801
2025-10-11 11:08:43,866 - INFO - Round 50 done in 1646.40s; train size=265
2025-10-11 11:08:43,866 - INFO - 
--- Round 51 | trial=3 | sqrt_beta=1.0000 (beta=1.0000) | rho=0.75 | pack=batch | train size=265 ---
2025-10-11 11:35:06,464 - INFO - [bucb] step 1/5: rho=0.75 -> masked 0 / 999735 items
2025-10-11 11:35:06,471 - INFO - [bucb] pick 1/5: min-d_batch=1.000, min-d_hist=0.732
2025-10-11 11:35:12,718 - INFO - [bucb] step 2/5: rho=0.75 -> masked 894 / 999735 items
2025-10-11 11:35:12,727 - INFO - [bucb] pick 2/5: min-d_batch=0.849, min-d_hist=0.723
2025-10-11 11:35:21,645 - INFO - [bucb] step 3/5: rho=0.75 -> masked 1121 / 999735 items
2025-10-11 11:35:21,655 - INFO - [bucb] pick 3/5: min-d_batch=0.851, min-d_hist=0.721
2025-10-11 11:35:33,269 - INFO - [bucb] step 4/5: rho=0.75 -> masked 3272 / 999735 items
2025-10-11 11:35:33,278 - INFO - [bucb] pick 4/5: min-d_batch=0.851, min-d_hist=0.783
2025-10-11 11:35:47,890 - INFO - [bucb] step 5/5: rho=0.75 -> masked 3417 / 999735 items
2025-10-11 11:35:47,899 - INFO - [bucb] pick 5/5: min-d_batch=0.854, min-d_hist=0.793
2025-10-11 11:35:51,030 - INFO - [round 51] pick 1/5: CONC(=O)c1cn(-c2ccc3c(c2)CCC3)c2nc(Nc3ccc(C4CCN(CC(=O)O)CC4)cc3)ncc2c1=O | UCB=1.475 | mu=0.6047 | std=0.8703 | f=0.6195 | min-d_batch=1.000 | min-d_hist=0.732
2025-10-11 11:35:51,428 - INFO - [round 51] pick 2/5: N=C(N)c1ccc(C2=NOC(CC(=O)NC(CC(=O)O)C(=O)N3CCC4CCC(CC4)C3)C2)cc1 | UCB=1.47 | mu=0.5952 | std=0.8745 | f=0.5986 | min-d_batch=0.849 | min-d_hist=0.723
2025-10-11 11:35:51,828 - INFO - [round 51] pick 3/5: O=C(NCCCN1CCN(C(=O)C=Cc2ccccc2[N+](=O)[O-])CC1)c1cc(O)c(O)c(O)c1 | UCB=1.467 | mu=0.6219 | std=0.8455 | f=0.7212 | min-d_batch=0.851 | min-d_hist=0.721
2025-10-11 11:35:52,228 - INFO - [round 51] pick 4/5: CCC(C1=C(O)OC(CCC2CC2)(CCC2CC2)CC1=O)c1cccc(NS(=O)(=O)c2cn(C)cn2)c1 | UCB=1.463 | mu=0.5689 | std=0.8946 | f=0.4192 | min-d_batch=0.851 | min-d_hist=0.783
2025-10-11 11:35:52,632 - INFO - [round 51] pick 5/5: CCN=C(O)C1CC2CC2N1C(=O)Cn1nc(C(N)=O)c2cc(OCc3ncccn3)ccc21 | UCB=1.455 | mu=0.548 | std=0.9066 | f=0.5817 | min-d_batch=0.854 | min-d_hist=0.793
2025-10-11 11:35:53,038 - INFO - Round 51 done in 1629.17s; train size=270
2025-10-11 11:35:53,038 - INFO - 
--- Round 52 | trial=3 | sqrt_beta=1.0000 (beta=1.0000) | rho=0.75 | pack=batch | train size=270 ---
2025-10-11 12:03:00,849 - INFO - [bucb] step 1/5: rho=0.75 -> masked 0 / 999730 items
2025-10-11 12:03:00,855 - INFO - [bucb] pick 1/5: min-d_batch=1.000, min-d_hist=0.731
2025-10-11 12:03:06,940 - INFO - [bucb] step 2/5: rho=0.75 -> masked 272 / 999730 items
2025-10-11 12:03:06,949 - INFO - [bucb] pick 2/5: min-d_batch=0.863, min-d_hist=0.720
2025-10-11 12:03:15,330 - INFO - [bucb] step 3/5: rho=0.75 -> masked 1809 / 999730 items
2025-10-11 12:03:15,339 - INFO - [bucb] pick 3/5: min-d_batch=0.840, min-d_hist=0.771
2025-10-11 12:03:26,366 - INFO - [bucb] step 4/5: rho=0.75 -> masked 2355 / 999730 items
2025-10-11 12:03:26,375 - INFO - [bucb] pick 4/5: min-d_batch=0.851, min-d_hist=0.751
2025-10-11 12:03:40,517 - INFO - [bucb] step 5/5: rho=0.75 -> masked 2680 / 999730 items
2025-10-11 12:03:40,526 - INFO - [bucb] pick 5/5: min-d_batch=0.856, min-d_hist=0.786
2025-10-11 12:03:43,830 - INFO - [round 52] pick 1/5: COc1ccc2nccc(C(=O)NCCC3CCN(S(=O)(=O)NC(=O)NCC4CC5C=CC4C5)CC3)c2c1 | UCB=1.473 | mu=0.6022 | std=0.8704 | f=0.6338 | min-d_batch=1.000 | min-d_hist=0.731
2025-10-11 12:03:44,250 - INFO - [round 52] pick 2/5: CC(O)C1C(=O)N2C(C(=O)O)=C(c3ccc(CN4CCCC4)cc3)CC12 | UCB=1.467 | mu=0.6093 | std=0.858 | f=0.5627 | min-d_batch=0.863 | min-d_hist=0.720
2025-10-11 12:03:44,669 - INFO - [round 52] pick 3/5: NC(=O)c1ccc2c(c1)CC(NC(=O)c1cccc3c1CCCC3)(C(=O)O)C2 | UCB=1.469 | mu=0.5852 | std=0.8835 | f=0.629 | min-d_batch=0.840 | min-d_hist=0.771
2025-10-11 12:03:45,089 - INFO - [round 52] pick 4/5: CCC(CC)CN1CCN(C(=O)NCCCOc2ccc3[nH]c4nc(O)nc-4cc3c2)CC1 | UCB=1.461 | mu=0.5892 | std=0.872 | f=0.6104 | min-d_batch=0.851 | min-d_hist=0.751
2025-10-11 12:03:45,512 - INFO - [round 52] pick 5/5: O=C(O)CCCC(=O)OCN1C(=O)C(=Cc2cnn3c(NC4CC4)cc(Nc4cc(Cl)ccc4F)nc23)N=C1O | UCB=1.446 | mu=0.5513 | std=0.8947 | f=0.576 | min-d_batch=0.856 | min-d_hist=0.786
2025-10-11 12:03:45,937 - INFO - Round 52 done in 1672.90s; train size=275
2025-10-11 12:03:45,937 - INFO - 
--- Round 53 | trial=3 | sqrt_beta=1.0000 (beta=1.0000) | rho=0.75 | pack=batch | train size=275 ---
2025-10-11 12:31:48,007 - INFO - [bucb] step 1/5: rho=0.75 -> masked 0 / 999725 items
2025-10-11 12:31:48,013 - INFO - [bucb] pick 1/5: min-d_batch=1.000, min-d_hist=0.729
2025-10-11 12:31:53,751 - INFO - [bucb] step 2/5: rho=0.75 -> masked 340 / 999725 items
2025-10-11 12:31:53,760 - INFO - [bucb] pick 2/5: min-d_batch=0.873, min-d_hist=0.744
2025-10-11 12:32:02,517 - INFO - [bucb] step 3/5: rho=0.75 -> masked 575 / 999725 items
2025-10-11 12:32:02,526 - INFO - [bucb] pick 3/5: min-d_batch=0.861, min-d_hist=0.772
2025-10-11 12:32:13,906 - INFO - [bucb] step 4/5: rho=0.75 -> masked 740 / 999725 items
2025-10-11 12:32:13,915 - INFO - [bucb] pick 4/5: min-d_batch=0.846, min-d_hist=0.759
2025-10-11 12:32:28,863 - INFO - [bucb] step 5/5: rho=0.75 -> masked 1714 / 999725 items
2025-10-11 12:32:28,872 - INFO - [bucb] pick 5/5: min-d_batch=0.858, min-d_hist=0.786
2025-10-11 12:32:31,947 - INFO - [round 53] pick 1/5: CCNC(=O)c1cccc(C(=O)NCCC2CCN(c3ncnc4cc(C(N)=O)sc34)CC2)c1 | UCB=1.471 | mu=0.6168 | std=0.8543 | f=0.6394 | min-d_batch=1.000 | min-d_hist=0.729
2025-10-11 12:32:32,375 - INFO - [round 53] pick 2/5: CNS(=O)(=O)c1ccc2c(c1)C(=Cc1[nH]c3c(c1CCCN1CCN(CC(=O)O)CC1)CCCC3)C(=O)N2 | UCB=1.463 | mu=0.5895 | std=0.8731 | f=0.6244 | min-d_batch=0.873 | min-d_hist=0.744
2025-10-11 12:32:32,803 - INFO - [round 53] pick 3/5: O=C(O)Cc1ccc(Nc2cnn(C34CC5CC(CC(CC(=O)O)(C5)C3)C4)c(=O)c2Cl)cc1 | UCB=1.462 | mu=0.5662 | std=0.8956 | f=0.6354 | min-d_batch=0.861 | min-d_hist=0.772
2025-10-11 12:32:33,236 - INFO - [round 53] pick 4/5: COc1c(N2CCN(CCC(=O)c3ccc(OCCCC(P(=O)(O)O)P(=O)(O)O)cc3)C(C)C2)c(F)cc2c(=O)c(C(=O)O)cn(C3CC3)c12 | UCB=1.466 | mu=0.5894 | std=0.8771 | f=0.6334 | min-d_batch=0.846 | min-d_hist=0.759
2025-10-11 12:32:33,672 - INFO - [round 53] pick 5/5: O=C(NS(=O)(=O)C1CC1)C1CC(O)CN1c1nc(Nc2cc(C3CC3)n[nH]2)c2cccn2n1 | UCB=1.444 | mu=0.5332 | std=0.9104 | f=0.5494 | min-d_batch=0.858 | min-d_hist=0.786
2025-10-11 12:32:34,107 - INFO - Round 53 done in 1728.17s; train size=280
2025-10-11 12:32:34,107 - INFO - 
--- Round 54 | trial=3 | sqrt_beta=1.0000 (beta=1.0000) | rho=0.75 | pack=batch | train size=280 ---
2025-10-11 13:00:17,218 - INFO - [bucb] step 1/5: rho=0.75 -> masked 0 / 999720 items
2025-10-11 13:00:17,225 - INFO - [bucb] pick 1/5: min-d_batch=1.000, min-d_hist=0.775
2025-10-11 13:00:23,062 - INFO - [bucb] step 2/5: rho=0.75 -> masked 426 / 999720 items
2025-10-11 13:00:23,071 - INFO - [bucb] pick 2/5: min-d_batch=0.853, min-d_hist=0.716
2025-10-11 13:00:31,605 - INFO - [bucb] step 3/5: rho=0.75 -> masked 543 / 999720 items
2025-10-11 13:00:31,614 - INFO - [bucb] pick 3/5: min-d_batch=0.854, min-d_hist=0.744
2025-10-11 13:00:43,353 - INFO - [bucb] step 4/5: rho=0.75 -> masked 1209 / 999720 items
2025-10-11 13:00:43,362 - INFO - [bucb] pick 4/5: min-d_batch=0.857, min-d_hist=0.767
2025-10-11 13:00:58,264 - INFO - [bucb] step 5/5: rho=0.75 -> masked 1417 / 999720 items
2025-10-11 13:00:58,273 - INFO - [bucb] pick 5/5: min-d_batch=0.855, min-d_hist=0.772
2025-10-11 13:01:01,421 - INFO - [round 54] pick 1/5: CC1CC(C)CN(CCCNC(=O)c2ccc3c(SCC(=O)O)c4c(nc3c2)CCC4)C1 | UCB=1.473 | mu=0.5869 | std=0.8863 | f=0.5778 | min-d_batch=1.000 | min-d_hist=0.775
2025-10-11 13:01:01,865 - INFO - [round 54] pick 2/5: O=C(O)CN=C(O)C1=C(O)CCN(Cc2cnc(Oc3ccc(C4CC4)cc3)cn2)C1=O | UCB=1.471 | mu=0.5961 | std=0.875 | f=0.6239 | min-d_batch=0.853 | min-d_hist=0.716
2025-10-11 13:01:02,311 - INFO - [round 54] pick 3/5: N=C1NCc2cc(NC(=O)C(O)C3OCCN(c4ccc(F)c(C(=O)N5CCOCC5)c4)C3=O)ccc21 | UCB=1.465 | mu=0.589 | std=0.8764 | f=0.6078 | min-d_batch=0.854 | min-d_hist=0.744
2025-10-11 13:01:02,759 - INFO - [round 54] pick 4/5: COC(=O)c1cccc(CS(=O)(=O)NC(CC2CCN(C(=N)N)CC2)C(=O)NCC(=O)NC2CCCN(C(=N)N)C2O)c1 | UCB=1.459 | mu=0.5793 | std=0.8792 | f=0.5856 | min-d_batch=0.857 | min-d_hist=0.767
2025-10-11 13:01:03,211 - INFO - [round 54] pick 5/5: COc1ccc2cc(C(=O)NCCC(CCO)CC(O)Cn3ccnc3[N+](=O)[O-])c(=O)oc2c1 | UCB=1.445 | mu=0.5513 | std=0.894 | f=0.6572 | min-d_batch=0.855 | min-d_hist=0.772
2025-10-11 13:01:03,666 - INFO - Round 54 done in 1709.56s; train size=285
2025-10-11 13:01:03,666 - INFO - 
--- Round 55 | trial=3 | sqrt_beta=1.0000 (beta=1.0000) | rho=0.75 | pack=batch | train size=285 ---
2025-10-11 13:29:50,728 - INFO - [bucb] step 1/5: rho=0.75 -> masked 0 / 999715 items
2025-10-11 13:29:50,735 - INFO - [bucb] pick 1/5: min-d_batch=1.000, min-d_hist=0.776
2025-10-11 13:29:56,968 - INFO - [bucb] step 2/5: rho=0.75 -> masked 650 / 999715 items
2025-10-11 13:29:56,977 - INFO - [bucb] pick 2/5: min-d_batch=0.843, min-d_hist=0.769
2025-10-11 13:30:06,058 - INFO - [bucb] step 3/5: rho=0.75 -> masked 1336 / 999715 items
2025-10-11 13:30:06,067 - INFO - [bucb] pick 3/5: min-d_batch=0.855, min-d_hist=0.726
2025-10-11 13:30:17,897 - INFO - [bucb] step 4/5: rho=0.75 -> masked 1570 / 999715 items
2025-10-11 13:30:17,906 - INFO - [bucb] pick 4/5: min-d_batch=0.854, min-d_hist=0.766
2025-10-11 13:30:32,082 - INFO - [bucb] step 5/5: rho=0.75 -> masked 1713 / 999715 items
2025-10-11 13:30:32,092 - INFO - [bucb] pick 5/5: min-d_batch=0.829, min-d_hist=0.694
2025-10-11 13:30:35,188 - INFO - [round 55] pick 1/5: COc1ccc2[nH]c3c(c2c1)CCN1C(=O)C(CC(=O)NCCCn2ccnc2)CC(C(=O)N2CCCCC2)C31C | UCB=1.474 | mu=0.5895 | std=0.8848 | f=0.6233 | min-d_batch=1.000 | min-d_hist=0.776
2025-10-11 13:30:35,654 - INFO - [round 55] pick 2/5: CC1COCCN1c1cc(C2(S(=O)(=O)CCCO)CC2)nc(-c2ccc(NC(=O)NC3CC3)cc2)n1 | UCB=1.473 | mu=0.5914 | std=0.8813 | f=0.6508 | min-d_batch=0.843 | min-d_hist=0.769
2025-10-11 13:30:36,120 - INFO - [round 55] pick 3/5: O=C(NC1CN2CCC(CC2)C1OC(=O)c1cc(O)c(C(=O)c2c(O)cccc2C(=O)O)c(O)c1)c1ccc(O)cc1 | UCB=1.463 | mu=0.5912 | std=0.872 | f=0.6453 | min-d_batch=0.855 | min-d_hist=0.726
2025-10-11 13:30:36,588 - INFO - [round 55] pick 4/5: O=C(O)CCCC(=O)N1CCc2cccc3c2C1CNC3=O | UCB=1.458 | mu=0.5762 | std=0.8819 | f=0.6062 | min-d_batch=0.854 | min-d_hist=0.766
2025-10-11 13:30:37,066 - INFO - [round 55] pick 5/5: COc1c(C(O)CN2CCN(C(=O)Cc3ccc(-n4cnnn4)nc3)CC2)ccc2c1COC2=O | UCB=1.466 | mu=0.597 | std=0.8687 | f=0.6657 | min-d_batch=0.829 | min-d_hist=0.694
2025-10-11 13:30:37,538 - INFO - Round 55 done in 1773.87s; train size=290
2025-10-11 13:30:37,538 - INFO - 
--- Round 56 | trial=3 | sqrt_beta=1.0000 (beta=1.0000) | rho=0.75 | pack=batch | train size=290 ---
2025-10-11 13:59:42,140 - INFO - [bucb] step 1/5: rho=0.75 -> masked 0 / 999710 items
2025-10-11 13:59:42,147 - INFO - [bucb] pick 1/5: min-d_batch=1.000, min-d_hist=0.761
2025-10-11 13:59:48,248 - INFO - [bucb] step 2/5: rho=0.75 -> masked 99 / 999710 items
2025-10-11 13:59:48,257 - INFO - [bucb] pick 2/5: min-d_batch=0.852, min-d_hist=0.739
2025-10-11 13:59:57,080 - INFO - [bucb] step 3/5: rho=0.75 -> masked 2026 / 999710 items
2025-10-11 13:59:57,090 - INFO - [bucb] pick 3/5: min-d_batch=0.857, min-d_hist=0.681
2025-10-11 14:00:08,738 - INFO - [bucb] step 4/5: rho=0.75 -> masked 2710 / 999710 items
2025-10-11 14:00:08,748 - INFO - [bucb] pick 4/5: min-d_batch=0.856, min-d_hist=0.724
2025-10-11 14:00:23,744 - INFO - [bucb] step 5/5: rho=0.75 -> masked 3300 / 999710 items
2025-10-11 14:00:23,753 - INFO - [bucb] pick 5/5: min-d_batch=0.834, min-d_hist=0.810
2025-10-11 14:00:26,639 - INFO - [round 56] pick 1/5: CC(=O)N1CCCC1c1cc2[nH]c(-c3ccc(CCC(=O)O)cn3)cc2cc1Oc1ccc(C(=O)N2CCC2)nc1 | UCB=1.472 | mu=0.5999 | std=0.8724 | f=0.5669 | min-d_batch=1.000 | min-d_hist=0.761
2025-10-11 14:00:27,118 - INFO - [round 56] pick 2/5: COc1cccc(C(=O)NCCCCN2CCc3ccc([N+](=O)[O-])cc3C2)c1O | UCB=1.469 | mu=0.6256 | std=0.8434 | f=0.6934 | min-d_batch=0.852 | min-d_hist=0.739
2025-10-11 14:00:27,599 - INFO - [round 56] pick 3/5: Nc1nc(O)c2c(n1)NCC(CNc1ccc(C(=O)NC(CCS(=O)(=O)O)C(=O)O)cc1)C2 | UCB=1.464 | mu=0.6065 | std=0.8575 | f=0.5657 | min-d_batch=0.857 | min-d_hist=0.681
2025-10-11 14:00:28,082 - INFO - [round 56] pick 4/5: CC(CCC(=O)NCC(=O)O)C1CCC2C3C(O)CC4Cc5nn(Cc6cccc(O)c6)cc5CC4(C)C3CCC12C | UCB=1.461 | mu=0.5686 | std=0.8927 | f=0.5637 | min-d_batch=0.856 | min-d_hist=0.724
2025-10-11 14:00:28,568 - INFO - [round 56] pick 5/5: O=C(c1ccc2nccnc2c1)N1CCN(CCO)C2CS(=O)(=O)CC21 | UCB=1.455 | mu=0.5452 | std=0.9099 | f=0.6394 | min-d_batch=0.834 | min-d_hist=0.810
2025-10-11 14:00:29,054 - INFO - Round 56 done in 1791.52s; train size=295
2025-10-11 14:00:29,054 - INFO - 
--- Round 57 | trial=3 | sqrt_beta=1.0000 (beta=1.0000) | rho=0.75 | pack=batch | train size=295 ---
2025-10-11 14:31:11,792 - INFO - [bucb] step 1/5: rho=0.75 -> masked 0 / 999705 items
2025-10-11 14:31:11,799 - INFO - [bucb] pick 1/5: min-d_batch=1.000, min-d_hist=0.739
2025-10-11 14:31:17,585 - INFO - [bucb] step 2/5: rho=0.75 -> masked 4549 / 999705 items
2025-10-11 14:31:17,594 - INFO - [bucb] pick 2/5: min-d_batch=0.863, min-d_hist=0.699
2025-10-11 14:31:26,444 - INFO - [bucb] step 3/5: rho=0.75 -> masked 8891 / 999705 items
2025-10-11 14:31:26,453 - INFO - [bucb] pick 3/5: min-d_batch=0.855, min-d_hist=0.710
2025-10-11 14:31:38,188 - INFO - [bucb] step 4/5: rho=0.75 -> masked 9316 / 999705 items
2025-10-11 14:31:38,197 - INFO - [bucb] pick 4/5: min-d_batch=0.833, min-d_hist=0.740
2025-10-11 14:31:52,808 - INFO - [bucb] step 5/5: rho=0.75 -> masked 10689 / 999705 items
2025-10-11 14:31:52,817 - INFO - [bucb] pick 5/5: min-d_batch=0.825, min-d_hist=0.739
2025-10-11 14:31:55,624 - INFO - [round 57] pick 1/5: COc1ccc(C(=O)C2=C(O)C(=O)N(CCN3CCNCC3)C2c2cccc([N+](=O)[O-])c2)cc1 | UCB=1.475 | mu=0.6187 | std=0.8563 | f=0.7087 | min-d_batch=1.000 | min-d_hist=0.739
2025-10-11 14:31:56,117 - INFO - [round 57] pick 2/5: O=C(Nc1ccc(S(=O)(=O)N2CCOCC2)cc1)c1cnc(NCCCO)nc1NC1CCC(O)CC1 | UCB=1.47 | mu=0.6301 | std=0.8403 | f=0.6386 | min-d_batch=0.863 | min-d_hist=0.699
2025-10-11 14:31:56,613 - INFO - [round 57] pick 3/5: N=C(N)NCCCC1NC(=O)N(C(CC(=O)O)C(=O)N2CCC3(CCc4ccccc43)CC2)C1=O | UCB=1.469 | mu=0.6051 | std=0.8639 | f=0.6214 | min-d_batch=0.855 | min-d_hist=0.710
2025-10-11 14:31:57,112 - INFO - [round 57] pick 4/5: CC(=O)NCCCOc1cc(C=CC(=O)O)ccc1-c1ccc(O)c(C23CC4CC(CC(C4)C2)C3)c1 | UCB=1.466 | mu=0.583 | std=0.883 | f=0.4827 | min-d_batch=0.833 | min-d_hist=0.740
2025-10-11 14:31:57,613 - INFO - [round 57] pick 5/5: CC(C)c1ccn(C2(C(=O)O)CCN(c3cc(C(N)=O)ccn3)CC2)n1 | UCB=1.462 | mu=0.5921 | std=0.8699 | f=0.5937 | min-d_batch=0.825 | min-d_hist=0.739
2025-10-11 14:31:58,117 - INFO - Round 57 done in 1889.06s; train size=300
2025-10-11 14:31:58,117 - INFO - 
--- Round 58 | trial=3 | sqrt_beta=1.0000 (beta=1.0000) | rho=0.75 | pack=batch | train size=300 ---
2025-10-11 15:02:22,252 - INFO - [bucb] step 1/5: rho=0.75 -> masked 0 / 999700 items
2025-10-11 15:02:22,259 - INFO - [bucb] pick 1/5: min-d_batch=1.000, min-d_hist=0.734
2025-10-11 15:02:27,851 - INFO - [bucb] step 2/5: rho=0.75 -> masked 2269 / 999700 items
2025-10-11 15:02:27,860 - INFO - [bucb] pick 2/5: min-d_batch=0.841, min-d_hist=0.692
2025-10-11 15:02:36,521 - INFO - [bucb] step 3/5: rho=0.75 -> masked 3328 / 999700 items
2025-10-11 15:02:36,531 - INFO - [bucb] pick 3/5: min-d_batch=0.848, min-d_hist=0.781
2025-10-11 15:02:47,898 - INFO - [bucb] step 4/5: rho=0.75 -> masked 4483 / 999700 items
2025-10-11 15:02:47,908 - INFO - [bucb] pick 4/5: min-d_batch=0.839, min-d_hist=0.764
2025-10-11 15:03:02,414 - INFO - [bucb] step 5/5: rho=0.75 -> masked 4656 / 999700 items
2025-10-11 15:03:02,424 - INFO - [bucb] pick 5/5: min-d_batch=0.853, min-d_hist=0.694
2025-10-11 15:03:05,627 - INFO - [round 58] pick 1/5: COc1ccc(C(=O)C2CCN(C3CCN(Cc4nccc(O)n4)C3=O)CC2)cc1 | UCB=1.476 | mu=0.6071 | std=0.8687 | f=0.7135 | min-d_batch=1.000 | min-d_hist=0.734
2025-10-11 15:03:06,141 - INFO - [round 58] pick 2/5: COc1cc(N)c(Cl)cc1C(=O)OCCN1CCC(CNC(=O)c2ccc([N+](=O)[O-])o2)CC1 | UCB=1.469 | mu=0.6255 | std=0.844 | f=0.6382 | min-d_batch=0.841 | min-d_hist=0.692
2025-10-11 15:03:06,649 - INFO - [round 58] pick 3/5: O=C(NCCCO)C(=O)Nc1ccc2c(c1)N(S(=O)(=O)c1cccs1)CCC2 | UCB=1.462 | mu=0.5814 | std=0.8801 | f=0.5963 | min-d_batch=0.848 | min-d_hist=0.781
2025-10-11 15:03:07,165 - INFO - [round 58] pick 4/5: CC1(C)CC=C(c2cc(C(C)(C)N3CCN(CC(=O)O)CC3)ccc2NC(=O)c2ncc(C#N)[nH]2)CC1 | UCB=1.464 | mu=0.5802 | std=0.884 | f=0.6514 | min-d_batch=0.839 | min-d_hist=0.764
2025-10-11 15:03:07,682 - INFO - [round 58] pick 5/5: CCC(C)C(NC(=O)C1CCCN1CC(O)C1Cc2ccc(cc2)OCCCC(=O)NC(CC(N)=O)C(=O)N1)C(N)=O | UCB=1.457 | mu=0.578 | std=0.8789 | f=0.603 | min-d_batch=0.853 | min-d_hist=0.694
2025-10-11 15:03:08,201 - INFO - Round 58 done in 1870.08s; train size=305
2025-10-11 15:03:08,202 - INFO - 
--- Round 59 | trial=3 | sqrt_beta=1.0000 (beta=1.0000) | rho=0.75 | pack=batch | train size=305 ---
2025-10-11 15:33:46,030 - INFO - [bucb] step 1/5: rho=0.75 -> masked 0 / 999695 items
2025-10-11 15:33:46,037 - INFO - [bucb] pick 1/5: min-d_batch=1.000, min-d_hist=0.755
2025-10-11 15:33:51,627 - INFO - [bucb] step 2/5: rho=0.75 -> masked 1205 / 999695 items
2025-10-11 15:33:51,637 - INFO - [bucb] pick 2/5: min-d_batch=0.852, min-d_hist=0.705
2025-10-11 15:34:00,423 - INFO - [bucb] step 3/5: rho=0.75 -> masked 4542 / 999695 items
2025-10-11 15:34:00,432 - INFO - [bucb] pick 3/5: min-d_batch=0.857, min-d_hist=0.655
2025-10-11 15:34:12,360 - INFO - [bucb] step 4/5: rho=0.75 -> masked 4892 / 999695 items
2025-10-11 15:34:12,370 - INFO - [bucb] pick 4/5: min-d_batch=0.837, min-d_hist=0.726
2025-10-11 15:34:27,304 - INFO - [bucb] step 5/5: rho=0.75 -> masked 5112 / 999695 items
2025-10-11 15:34:27,313 - INFO - [bucb] pick 5/5: min-d_batch=0.856, min-d_hist=0.729
2025-10-11 15:34:30,150 - INFO - [round 59] pick 1/5: O=C(O)c1cc([N+](=O)[O-])ccc1Nc1ccc(CCN2CCC3CCCCC3C2)cc1 | UCB=1.473 | mu=0.6118 | std=0.8614 | f=0.5833 | min-d_batch=1.000 | min-d_hist=0.755
2025-10-11 15:34:30,679 - INFO - [round 59] pick 2/5: COc1ccc2c3c([nH]c2c1)C(CO)N(C(C)=O)CC31CCN(C(=O)c2ccc3c(c2)OCO3)CC1 | UCB=1.47 | mu=0.6243 | std=0.8457 | f=0.649 | min-d_batch=0.852 | min-d_hist=0.705
2025-10-11 15:34:31,208 - INFO - [round 59] pick 3/5: CN1CCN(C2=Nc3cc(Cl)c(SCC(NC(=O)C(N)CCC(=O)O)C(=O)NCC(=O)O)cc3Nc3ccccc32)CC1 | UCB=1.461 | mu=0.5982 | std=0.8625 | f=0.6281 | min-d_batch=0.857 | min-d_hist=0.655
2025-10-11 15:34:31,739 - INFO - [round 59] pick 4/5: CCN1CCCC1CNC(=O)C1CCC(NC(=O)c2cc(-c3ccnc(OC)c3)n3ncnc(N)c23)CC1 | UCB=1.466 | mu=0.5828 | std=0.8828 | f=0.6183 | min-d_batch=0.837 | min-d_hist=0.726
2025-10-11 15:34:32,274 - INFO - [round 59] pick 5/5: O=C(NCCCO)c1c(O)c2cccc3c2n(c1=O)CCC3 | UCB=1.455 | mu=0.5922 | std=0.8627 | f=0.5911 | min-d_batch=0.856 | min-d_hist=0.729
2025-10-11 15:34:32,810 - INFO - Round 59 done in 1884.61s; train size=310
2025-10-11 15:34:32,810 - INFO - 
--- Round 60 | trial=3 | sqrt_beta=1.0000 (beta=1.0000) | rho=0.75 | pack=batch | train size=310 ---
2025-10-11 16:05:46,916 - INFO - [bucb] step 1/5: rho=0.75 -> masked 0 / 999690 items
2025-10-11 16:05:46,923 - INFO - [bucb] pick 1/5: min-d_batch=1.000, min-d_hist=0.698
2025-10-11 16:05:52,672 - INFO - [bucb] step 2/5: rho=0.75 -> masked 4855 / 999690 items
2025-10-11 16:05:52,682 - INFO - [bucb] pick 2/5: min-d_batch=0.854, min-d_hist=0.750
2025-10-11 16:06:01,169 - INFO - [bucb] step 3/5: rho=0.75 -> masked 5047 / 999690 items
2025-10-11 16:06:01,178 - INFO - [bucb] pick 3/5: min-d_batch=0.845, min-d_hist=0.758
2025-10-11 16:06:12,507 - INFO - [bucb] step 4/5: rho=0.75 -> masked 5400 / 999690 items
2025-10-11 16:06:12,516 - INFO - [bucb] pick 4/5: min-d_batch=0.856, min-d_hist=0.737
2025-10-11 16:06:26,728 - INFO - [bucb] step 5/5: rho=0.75 -> masked 5561 / 999690 items
2025-10-11 16:06:26,738 - INFO - [bucb] pick 5/5: min-d_batch=0.866, min-d_hist=0.787
2025-10-11 16:06:30,115 - INFO - [round 60] pick 1/5: CCN1CCN(CCCNC(=O)c2ccc3c(c2)NC(=O)C(=CC(=O)c2ccc(OC)cc2)N3)CC1 | UCB=1.474 | mu=0.6432 | std=0.8311 | f=0.637 | min-d_batch=1.000 | min-d_hist=0.698
2025-10-11 16:06:30,665 - INFO - [round 60] pick 2/5: NC(=O)CN1CCC(NC(=O)Cn2c3c(c4cc(Br)ccc42)CCC(C(=O)O)C3)CC1 | UCB=1.468 | mu=0.5935 | std=0.8748 | f=0.637 | min-d_batch=0.854 | min-d_hist=0.750
2025-10-11 16:06:31,212 - INFO - [round 60] pick 3/5: O=C(O)C(CCC(=O)N1CCC2(CC1)CCN(c1ccncc1)C2)NS(=O)(=O)c1cnoc1 | UCB=1.461 | mu=0.5786 | std=0.8828 | f=0.6349 | min-d_batch=0.845 | min-d_hist=0.758
2025-10-11 16:06:31,764 - INFO - [round 60] pick 4/5: O=C(c1ccc2nc[nH]c2c1)N1CCCC2c3cc(O)c([N+](=O)[O-])cc3CC21 | UCB=1.455 | mu=0.5716 | std=0.8839 | f=0.6359 | min-d_batch=0.856 | min-d_hist=0.737
2025-10-11 16:06:32,317 - INFO - [round 60] pick 5/5: COc1cccc2c1C(=O)c1c(O)c3c(c(O)c1C2=O)CC(O)(C(CO)=NNC(=O)CCCCCN1C(=O)C=CC1=O)CC3OC1CC(N)C(O)C(C)O1 | UCB=1.431 | mu=0.5211 | std=0.9097 | f=0.5832 | min-d_batch=0.866 | min-d_hist=0.787
2025-10-11 16:06:32,871 - INFO - Round 60 done in 1920.06s; train size=315
2025-10-11 16:06:32,871 - INFO - 
--- Round 61 | trial=3 | sqrt_beta=1.0000 (beta=1.0000) | rho=0.75 | pack=batch | train size=315 ---
2025-10-11 16:38:30,246 - INFO - [bucb] step 1/5: rho=0.75 -> masked 0 / 999685 items
2025-10-11 16:38:30,253 - INFO - [bucb] pick 1/5: min-d_batch=1.000, min-d_hist=0.639
2025-10-11 16:38:35,892 - INFO - [bucb] step 2/5: rho=0.75 -> masked 2279 / 999685 items
2025-10-11 16:38:35,901 - INFO - [bucb] pick 2/5: min-d_batch=0.849, min-d_hist=0.724
2025-10-11 16:38:44,413 - INFO - [bucb] step 3/5: rho=0.75 -> masked 8074 / 999685 items
2025-10-11 16:38:44,424 - INFO - [bucb] pick 3/5: min-d_batch=0.848, min-d_hist=0.766
2025-10-11 16:38:55,779 - INFO - [bucb] step 4/5: rho=0.75 -> masked 8120 / 999685 items
2025-10-11 16:38:55,789 - INFO - [bucb] pick 4/5: min-d_batch=0.842, min-d_hist=0.768
2025-10-11 16:39:10,046 - INFO - [bucb] step 5/5: rho=0.75 -> masked 8912 / 999685 items
2025-10-11 16:39:10,055 - INFO - [bucb] pick 5/5: min-d_batch=0.865, min-d_hist=0.757
2025-10-11 16:39:13,200 - INFO - [round 61] pick 1/5: NC(Cc1c[nH]cn1)C(=O)N1CCN(CCCOc2ccc(C(=O)C3CC3)cc2)CC1 | UCB=1.474 | mu=0.6379 | std=0.8358 | f=0.6739 | min-d_batch=1.000 | min-d_hist=0.639
2025-10-11 16:39:13,762 - INFO - [round 61] pick 2/5: O=C(COC(=O)c1cnc(O)nc1O)Nc1cccc(S(=O)(=O)N2CCCCC2)c1 | UCB=1.467 | mu=0.6158 | std=0.8511 | f=0.5809 | min-d_batch=0.849 | min-d_hist=0.724
2025-10-11 16:39:14,323 - INFO - [round 61] pick 3/5: Cc1cc([N+](=O)[O-])ccc1C1=CCN(C(=O)C2NCC3(CC3)CC2C(=O)NO)CC1 | UCB=1.464 | mu=0.5741 | std=0.8898 | f=0.6324 | min-d_batch=0.848 | min-d_hist=0.766
2025-10-11 16:39:14,887 - INFO - [round 61] pick 4/5: CCC(CN1CCS(=O)(=O)CC1)N1C(=O)C(CC(=O)O)CC(c2cccc(Cl)c2)C1c1ccc(Cl)cc1 | UCB=1.467 | mu=0.5866 | std=0.8807 | f=0.6484 | min-d_batch=0.842 | min-d_hist=0.768
2025-10-11 16:39:15,457 - INFO - [round 61] pick 5/5: CC(NCC(O)CP(=O)(O)CCCCCNC(=O)c1cc(I)c(N=[N+]=[N-])cc1O)c1cccc(C(=O)O)c1 | UCB=1.439 | mu=0.5542 | std=0.8847 | f=0.6325 | min-d_batch=0.865 | min-d_hist=0.757
2025-10-11 16:39:16,026 - INFO - Round 61 done in 1963.16s; train size=320
2025-10-11 16:39:16,027 - INFO - 
--- Round 62 | trial=3 | sqrt_beta=1.0000 (beta=1.0000) | rho=0.75 | pack=batch | train size=320 ---
2025-10-11 17:11:30,754 - INFO - [bucb] step 1/5: rho=0.75 -> masked 0 / 999680 items
2025-10-11 17:11:30,761 - INFO - [bucb] pick 1/5: min-d_batch=1.000, min-d_hist=0.770
2025-10-11 17:11:36,549 - INFO - [bucb] step 2/5: rho=0.75 -> masked 289 / 999680 items
2025-10-11 17:11:36,558 - INFO - [bucb] pick 2/5: min-d_batch=0.873, min-d_hist=0.728
2025-10-11 17:11:44,957 - INFO - [bucb] step 3/5: rho=0.75 -> masked 1862 / 999680 items
2025-10-11 17:11:44,967 - INFO - [bucb] pick 3/5: min-d_batch=0.848, min-d_hist=0.711
2025-10-11 17:11:56,794 - INFO - [bucb] step 4/5: rho=0.75 -> masked 3050 / 999680 items
2025-10-11 17:11:56,804 - INFO - [bucb] pick 4/5: min-d_batch=0.828, min-d_hist=0.776
2025-10-11 17:12:10,524 - INFO - [bucb] step 5/5: rho=0.75 -> masked 3287 / 999680 items
2025-10-11 17:12:10,534 - INFO - [bucb] pick 5/5: min-d_batch=0.832, min-d_hist=0.783
2025-10-11 17:12:13,912 - INFO - [round 62] pick 1/5: COc1ccc(C(=O)N2CC3CCCN4CCCC(C34)C2CCCC(=O)O)cc1[N+](=O)[O-] | UCB=1.475 | mu=0.599 | std=0.8756 | f=0.6575 | min-d_batch=1.000 | min-d_hist=0.770
2025-10-11 17:12:14,483 - INFO - [round 62] pick 2/5: NC(=O)c1ccc(Nc2nc(N3CCN(CCO)CC3)nc3[nH]cnc23)cc1 | UCB=1.47 | mu=0.6125 | std=0.8574 | f=0.6119 | min-d_batch=0.873 | min-d_hist=0.728
2025-10-11 17:12:15,055 - INFO - [round 62] pick 3/5: CC1(C)CN(C(=O)Cn2c(=O)c(C(=O)NCc3ccc(Cl)cc3)cc3c(OCC4CCC(O)=N4)ccnc32)C1 | UCB=1.47 | mu=0.6037 | std=0.8659 | f=0.5882 | min-d_batch=0.848 | min-d_hist=0.711
2025-10-11 17:12:15,630 - INFO - [round 62] pick 4/5: O=C(O)c1ccc2cc(C(=O)N3CCNC(C(=O)O)C3C(=O)O)ccc2c1 | UCB=1.468 | mu=0.5859 | std=0.8822 | f=0.6162 | min-d_batch=0.828 | min-d_hist=0.776
2025-10-11 17:12:16,209 - INFO - [round 62] pick 5/5: CC(O)C(=O)N1CC=C(c2cc3c(-c4cccc(N5CCOc6cc(C7CC7)cc(F)c6C5=O)c4CO)ccnc3[nH]2)CC1 | UCB=1.459 | mu=0.5653 | std=0.8934 | f=0.5851 | min-d_batch=0.832 | min-d_hist=0.783
2025-10-11 17:12:16,791 - INFO - Round 62 done in 1980.76s; train size=325
2025-10-11 17:12:16,791 - INFO - 
--- Round 63 | trial=3 | sqrt_beta=1.0000 (beta=1.0000) | rho=0.75 | pack=batch | train size=325 ---
2025-10-11 17:44:38,528 - INFO - [bucb] step 1/5: rho=0.75 -> masked 0 / 999675 items
2025-10-11 17:44:38,535 - INFO - [bucb] pick 1/5: min-d_batch=1.000, min-d_hist=0.742
2025-10-11 17:44:44,130 - INFO - [bucb] step 2/5: rho=0.75 -> masked 476 / 999675 items
2025-10-11 17:44:44,140 - INFO - [bucb] pick 2/5: min-d_batch=0.827, min-d_hist=0.753
2025-10-11 17:44:52,425 - INFO - [bucb] step 3/5: rho=0.75 -> masked 892 / 999675 items
2025-10-11 17:44:52,434 - INFO - [bucb] pick 3/5: min-d_batch=0.854, min-d_hist=0.750
2025-10-11 17:45:04,051 - INFO - [bucb] step 4/5: rho=0.75 -> masked 2551 / 999675 items
2025-10-11 17:45:04,060 - INFO - [bucb] pick 4/5: min-d_batch=0.840, min-d_hist=0.751
2025-10-11 17:45:18,800 - INFO - [bucb] step 5/5: rho=0.75 -> masked 2898 / 999675 items
2025-10-11 17:45:18,809 - INFO - [bucb] pick 5/5: min-d_batch=0.847, min-d_hist=0.786
2025-10-11 17:45:22,018 - INFO - [round 63] pick 1/5: Nc1ccc2c(c1)C(=O)C(CCN1CCC(C(=O)c3ccc(F)cc3O)CC1)CC2 | UCB=1.474 | mu=0.6155 | std=0.8584 | f=0.676 | min-d_batch=1.000 | min-d_hist=0.742
2025-10-11 17:45:22,614 - INFO - [round 63] pick 2/5: CC(=O)N1CCN(C(=O)Cc2cccc([N+](=O)[O-])c2)C(CN2CCC(O)C2)C1 | UCB=1.473 | mu=0.6061 | std=0.867 | f=0.6733 | min-d_batch=0.827 | min-d_hist=0.753
2025-10-11 17:45:23,213 - INFO - [round 63] pick 3/5: COc1ccc(Cl)cc1S(=O)(=O)N1CCOc2ccc(C(=O)Nc3ccn(CC(=O)O)n3)cc21 | UCB=1.462 | mu=0.5958 | std=0.8661 | f=0.5677 | min-d_batch=0.854 | min-d_hist=0.750
2025-10-11 17:45:23,814 - INFO - [round 63] pick 4/5: Cc1cnc(C(=O)Nc2ccc(C(=O)NCCC(=O)N3CCCC34CC3SCCC(C(N)=O)N3C4=O)cc2)cn1 | UCB=1.467 | mu=0.5928 | std=0.8738 | f=0.6372 | min-d_batch=0.840 | min-d_hist=0.751
2025-10-11 17:45:24,419 - INFO - [round 63] pick 5/5: COCCCOc1cccc(N2CCN(CC(N)C(O)CC(C(=O)NCC(C)(C)C(N)=O)C(C)C)CC2=O)c1 | UCB=1.447 | mu=0.5503 | std=0.8971 | f=0.6349 | min-d_batch=0.847 | min-d_hist=0.786
2025-10-11 17:45:25,027 - INFO - Round 63 done in 1988.24s; train size=330
2025-10-11 17:45:25,028 - INFO - 
--- Round 64 | trial=3 | sqrt_beta=1.0000 (beta=1.0000) | rho=0.75 | pack=batch | train size=330 ---
2025-10-11 18:18:40,335 - INFO - [bucb] step 1/5: rho=0.75 -> masked 0 / 999670 items
2025-10-11 18:18:40,353 - INFO - [bucb] pick 1/5: min-d_batch=1.000, min-d_hist=0.747
2025-10-11 18:18:46,108 - INFO - [bucb] step 2/5: rho=0.75 -> masked 1640 / 999670 items
2025-10-11 18:18:46,118 - INFO - [bucb] pick 2/5: min-d_batch=0.837, min-d_hist=0.749
2025-10-11 18:18:55,068 - INFO - [bucb] step 3/5: rho=0.75 -> masked 1722 / 999670 items
2025-10-11 18:18:55,077 - INFO - [bucb] pick 3/5: min-d_batch=0.849, min-d_hist=0.738
2025-10-11 18:19:06,452 - INFO - [bucb] step 4/5: rho=0.75 -> masked 2836 / 999670 items
2025-10-11 18:19:06,462 - INFO - [bucb] pick 4/5: min-d_batch=0.825, min-d_hist=0.757
2025-10-11 18:19:20,815 - INFO - [bucb] step 5/5: rho=0.75 -> masked 3341 / 999670 items
2025-10-11 18:19:20,825 - INFO - [bucb] pick 5/5: min-d_batch=0.824, min-d_hist=0.758
2025-10-11 18:19:23,880 - INFO - [round 64] pick 1/5: CC(=O)c1ccc(OCc2cc(C(=O)NCCN3CCCC(O)C3)no2)cc1 | UCB=1.473 | mu=0.6212 | std=0.8516 | f=0.6228 | min-d_batch=1.000 | min-d_hist=0.747
2025-10-11 18:19:24,495 - INFO - [round 64] pick 2/5: O=C(O)CC(N=C(O)C1CCCN(C(=O)CCC2CCNCC2)C1)c1cncc(-c2ccc(F)c([N+](=O)[O-])c2)c1 | UCB=1.472 | mu=0.5949 | std=0.8773 | f=0.6636 | min-d_batch=0.837 | min-d_hist=0.749
2025-10-11 18:19:25,110 - INFO - [round 64] pick 3/5: O=C(CN1CCN(c2ncccn2)CC1)N1CCCc2c1c(=O)oc1ccc(O)cc21 | UCB=1.467 | mu=0.5994 | std=0.8671 | f=0.6566 | min-d_batch=0.849 | min-d_hist=0.738
2025-10-11 18:19:25,735 - INFO - [round 64] pick 4/5: CC(C)n1c(=O)c(C(=O)NC2CC3CCC(C2)N3CC(O)CNC(N)=O)cc2ccccc21 | UCB=1.465 | mu=0.5883 | std=0.8767 | f=0.6359 | min-d_batch=0.825 | min-d_hist=0.757
2025-10-11 18:19:26,360 - INFO - [round 64] pick 5/5: CCS(=O)(=O)N1CC(CC#N)(n2cc(C(=N)O)c(Nc3ccc(C(=O)N4CCS(=O)(=O)CC4)cc3)n2)C1 | UCB=1.463 | mu=0.5823 | std=0.8808 | f=0.6074 | min-d_batch=0.824 | min-d_hist=0.758
2025-10-11 18:19:26,985 - INFO - Round 64 done in 2041.96s; train size=335
2025-10-11 18:19:26,986 - INFO - 
--- Round 65 | trial=3 | sqrt_beta=1.0000 (beta=1.0000) | rho=0.75 | pack=batch | train size=335 ---
2025-10-11 18:52:19,546 - INFO - [bucb] step 1/5: rho=0.75 -> masked 0 / 999665 items
2025-10-11 18:52:19,553 - INFO - [bucb] pick 1/5: min-d_batch=1.000, min-d_hist=0.727
2025-10-11 18:52:25,326 - INFO - [bucb] step 2/5: rho=0.75 -> masked 1205 / 999665 items
2025-10-11 18:52:25,336 - INFO - [bucb] pick 2/5: min-d_batch=0.845, min-d_hist=0.709
2025-10-11 18:52:33,927 - INFO - [bucb] step 3/5: rho=0.75 -> masked 1319 / 999665 items
2025-10-11 18:52:33,936 - INFO - [bucb] pick 3/5: min-d_batch=0.820, min-d_hist=0.775
2025-10-11 18:52:45,313 - INFO - [bucb] step 4/5: rho=0.75 -> masked 1440 / 999665 items
2025-10-11 18:52:45,323 - INFO - [bucb] pick 4/5: min-d_batch=0.872, min-d_hist=0.754
2025-10-11 18:52:59,045 - INFO - [bucb] step 5/5: rho=0.75 -> masked 1570 / 999665 items
2025-10-11 18:52:59,054 - INFO - [bucb] pick 5/5: min-d_batch=0.843, min-d_hist=0.797
2025-10-11 18:53:01,962 - INFO - [round 65] pick 1/5: O=C(O)c1ccc2c(C3CCCCC3)c(-c3ccoc3)n(CC(=O)N3CCN(CCO)CC3)c2c1 | UCB=1.473 | mu=0.6137 | std=0.8597 | f=0.7159 | min-d_batch=1.000 | min-d_hist=0.727
2025-10-11 18:53:02,583 - INFO - [round 65] pick 2/5: CCC(CC)Nc1cc(C(=O)NC2CC3CCC(C2)N3c2ccc(C(=O)C3CC3)cn2)c(C)cc1C(N)=O | UCB=1.469 | mu=0.5972 | std=0.8719 | f=0.5701 | min-d_batch=0.845 | min-d_hist=0.709
2025-10-11 18:53:03,205 - INFO - [round 65] pick 3/5: C[n+]1ccc(CN2CCC(COc3ccc4c(c3)CN(C(=N)N)CC4)(C(=O)O)CC2)nc1 | UCB=1.473 | mu=0.5898 | std=0.8833 | f=0.644 | min-d_batch=0.820 | min-d_hist=0.775
2025-10-11 18:53:03,827 - INFO - [round 65] pick 4/5: CS(=O)(=O)c1cc([N+](=O)[O-])c(N2CC2)cc1C(=O)NCC(O)CO | UCB=1.446 | mu=0.5683 | std=0.878 | f=0.5285 | min-d_batch=0.872 | min-d_hist=0.754
2025-10-11 18:53:04,467 - INFO - [round 65] pick 5/5: O=C(Nc1cnccn1)Nc1cccc2c1C1CC(O)CCN1C2=O | UCB=1.454 | mu=0.5604 | std=0.8933 | f=0.598 | min-d_batch=0.843 | min-d_hist=0.797
2025-10-11 18:53:05,098 - INFO - Round 65 done in 2018.11s; train size=340
2025-10-11 18:53:05,098 - INFO - 
--- Round 66 | trial=3 | sqrt_beta=1.0000 (beta=1.0000) | rho=0.75 | pack=batch | train size=340 ---
2025-10-11 19:26:40,193 - INFO - [bucb] step 1/5: rho=0.75 -> masked 0 / 999660 items
2025-10-11 19:26:40,200 - INFO - [bucb] pick 1/5: min-d_batch=1.000, min-d_hist=0.743
2025-10-11 19:26:46,172 - INFO - [bucb] step 2/5: rho=0.75 -> masked 698 / 999660 items
2025-10-11 19:26:46,182 - INFO - [bucb] pick 2/5: min-d_batch=0.823, min-d_hist=0.757
2025-10-11 19:26:54,885 - INFO - [bucb] step 3/5: rho=0.75 -> masked 779 / 999660 items
2025-10-11 19:26:54,895 - INFO - [bucb] pick 3/5: min-d_batch=0.843, min-d_hist=0.788
2025-10-11 19:27:06,398 - INFO - [bucb] step 4/5: rho=0.75 -> masked 1059 / 999660 items
2025-10-11 19:27:06,408 - INFO - [bucb] pick 4/5: min-d_batch=0.844, min-d_hist=0.716
2025-10-11 19:27:20,922 - INFO - [bucb] step 5/5: rho=0.75 -> masked 1160 / 999660 items
2025-10-11 19:27:20,931 - INFO - [bucb] pick 5/5: min-d_batch=0.857, min-d_hist=0.772
2025-10-11 19:27:23,794 - INFO - [round 66] pick 1/5: COc1ccc2c(c1)C(O)(CNC(=O)C1CCN(C(=O)Cn3c(=O)sc4ccc(Cl)cc43)CC1)CCC2 | UCB=1.476 | mu=0.6179 | std=0.858 | f=0.675 | min-d_batch=1.000 | min-d_hist=0.743
2025-10-11 19:27:24,436 - INFO - [round 66] pick 2/5: Nc1cc(O)ccc1C(=O)CCCN1CCC2C(C1)c1cccc3c1N2CCCS3 | UCB=1.474 | mu=0.5914 | std=0.8822 | f=0.3602 | min-d_batch=0.823 | min-d_hist=0.757
2025-10-11 19:27:25,069 - INFO - [round 66] pick 3/5: O=C(NC(C(=O)N1CCC2OCC(=O)C21)C1CCCCC1)c1cccc(-n2cnnn2)c1 | UCB=1.464 | mu=0.572 | std=0.8923 | f=0.6291 | min-d_batch=0.843 | min-d_hist=0.788
2025-10-11 19:27:25,703 - INFO - [round 66] pick 4/5: C=CCN(C(=O)CN1CCc2cc(C(=O)Oc3ccc(C(=N)N)cc3F)sc2C1)C(CCC(=O)O)C(=O)O | UCB=1.454 | mu=0.5714 | std=0.8827 | f=0.6357 | min-d_batch=0.844 | min-d_hist=0.716
2025-10-11 19:27:26,358 - INFO - [round 66] pick 5/5: CCc1ccc(O)c(-c2cc(C(=O)NC3CCS(=O)(=O)C3)[nH]n2)c1 | UCB=1.449 | mu=0.5546 | std=0.894 | f=0.5846 | min-d_batch=0.857 | min-d_hist=0.772
2025-10-11 19:27:27,001 - INFO - Round 66 done in 2061.90s; train size=345
2025-10-11 19:27:27,002 - INFO - 
--- Round 67 | trial=3 | sqrt_beta=1.0000 (beta=1.0000) | rho=0.75 | pack=batch | train size=345 ---
2025-10-11 20:01:38,063 - INFO - [bucb] step 1/5: rho=0.75 -> masked 0 / 999655 items
2025-10-11 20:01:38,070 - INFO - [bucb] pick 1/5: min-d_batch=1.000, min-d_hist=0.758
2025-10-11 20:01:43,379 - INFO - [bucb] step 2/5: rho=0.75 -> masked 310 / 999655 items
2025-10-11 20:01:43,389 - INFO - [bucb] pick 2/5: min-d_batch=0.878, min-d_hist=0.698
2025-10-11 20:01:51,708 - INFO - [bucb] step 3/5: rho=0.75 -> masked 469 / 999655 items
2025-10-11 20:01:51,718 - INFO - [bucb] pick 3/5: min-d_batch=0.842, min-d_hist=0.753
2025-10-11 20:02:02,251 - INFO - [bucb] step 4/5: rho=0.75 -> masked 2781 / 999655 items
2025-10-11 20:02:02,261 - INFO - [bucb] pick 4/5: min-d_batch=0.848, min-d_hist=0.743
2025-10-11 20:02:16,399 - INFO - [bucb] step 5/5: rho=0.75 -> masked 3464 / 999655 items
2025-10-11 20:02:16,408 - INFO - [bucb] pick 5/5: min-d_batch=0.832, min-d_hist=0.775
2025-10-11 20:02:19,638 - INFO - [round 67] pick 1/5: CC(=O)NCn1cc(-c2ccc(C3=CCN(C(=O)CO)CC3)cc2)c(=O)o1 | UCB=1.477 | mu=0.5969 | std=0.8801 | f=0.6232 | min-d_batch=1.000 | min-d_hist=0.758
2025-10-11 20:02:20,289 - INFO - [round 67] pick 2/5: COc1ccc2c(c1)C13CCN(CC4CC4)CC1(C2)Cc1cc(C(N)=O)c(O)nc1C3 | UCB=1.469 | mu=0.5925 | std=0.8761 | f=0.6571 | min-d_batch=0.878 | min-d_hist=0.698
2025-10-11 20:02:20,939 - INFO - [round 67] pick 3/5: NC(C(=O)N1CCCC1)C1CCC(NS(=O)(=O)c2ccc(C(=O)O)cc2)C1 | UCB=1.473 | mu=0.6195 | std=0.8533 | f=0.5994 | min-d_batch=0.842 | min-d_hist=0.753
2025-10-11 20:02:21,608 - INFO - [round 67] pick 4/5: O=C(O)CCN1CCN(C(=O)Cn2cc(N=C(O)c3cnn4cccnc34)c(-c3cc(Cl)ccc3OC(F)F)n2)CC1 | UCB=1.456 | mu=0.5808 | std=0.8748 | f=0.6038 | min-d_batch=0.848 | min-d_hist=0.743
2025-10-11 20:02:22,283 - INFO - [round 67] pick 5/5: CCc1cc(C(=O)NC2CC(C(=O)NCC(=O)OC)N(C(=O)c3coc4ccccc34)C2)n(CCO)n1 | UCB=1.457 | mu=0.569 | std=0.8885 | f=0.599 | min-d_batch=0.832 | min-d_hist=0.775
2025-10-11 20:02:22,949 - INFO - Round 67 done in 2095.95s; train size=350
2025-10-11 20:02:22,949 - INFO - 
--- Round 68 | trial=3 | sqrt_beta=1.0000 (beta=1.0000) | rho=0.75 | pack=batch | train size=350 ---
2025-10-11 20:37:02,169 - INFO - [bucb] step 1/5: rho=0.75 -> masked 0 / 999650 items
2025-10-11 20:37:02,176 - INFO - [bucb] pick 1/5: min-d_batch=1.000, min-d_hist=0.725
2025-10-11 20:37:08,124 - INFO - [bucb] step 2/5: rho=0.75 -> masked 1476 / 999650 items
2025-10-11 20:37:08,134 - INFO - [bucb] pick 2/5: min-d_batch=0.859, min-d_hist=0.718
2025-10-11 20:37:16,462 - INFO - [bucb] step 3/5: rho=0.75 -> masked 2239 / 999650 items
2025-10-11 20:37:16,472 - INFO - [bucb] pick 3/5: min-d_batch=0.829, min-d_hist=0.691
2025-10-11 20:37:27,936 - INFO - [bucb] step 4/5: rho=0.75 -> masked 2584 / 999650 items
2025-10-11 20:37:27,945 - INFO - [bucb] pick 4/5: min-d_batch=0.853, min-d_hist=0.795
2025-10-11 20:37:41,971 - INFO - [bucb] step 5/5: rho=0.75 -> masked 2752 / 999650 items
2025-10-11 20:37:41,981 - INFO - [bucb] pick 5/5: min-d_batch=0.855, min-d_hist=0.810
2025-10-11 20:37:45,262 - INFO - [round 68] pick 1/5: COc1cccc(C(=O)NC(CCC2CCCCC2)C(=O)NC(CC(=O)O)CN2CCc3cc(F)ccc32)c1 | UCB=1.475 | mu=0.6289 | std=0.8458 | f=0.6501 | min-d_batch=1.000 | min-d_hist=0.725
2025-10-11 20:37:45,931 - INFO - [round 68] pick 2/5: CC(=O)C(=NNc1ccc2c(=O)cc(C)oc2c1)N1CCN(CCO)CC1 | UCB=1.471 | mu=0.6075 | std=0.8639 | f=0.6099 | min-d_batch=0.859 | min-d_hist=0.718
2025-10-11 20:37:46,600 - INFO - [round 68] pick 3/5: O=C(c1ccc(OCC2CC2)cc1)C1CCN(CC(O)=NCc2nc(O)c3c(n2)CCOC3)CC1 | UCB=1.47 | mu=0.6064 | std=0.8636 | f=0.658 | min-d_batch=0.829 | min-d_hist=0.691
2025-10-11 20:37:47,284 - INFO - [round 68] pick 4/5: O=C(CN1C(=O)C2C3CCC(C3)C2C1=O)N1CCCC(c2ncncc2-c2ccncc2)C1 | UCB=1.452 | mu=0.5529 | std=0.8993 | f=0.6347 | min-d_batch=0.853 | min-d_hist=0.795
2025-10-11 20:37:47,972 - INFO - [round 68] pick 5/5: CCOC1=CC(=O)N(Cc2cn(-c3ccc(OC4(C(=O)O)CC(O)C(NC(C)=O)C(C(O)C(O)CO)O4)c(C(F)F)c3)nn2)C1 | UCB=1.451 | mu=0.5417 | std=0.9091 | f=0.5742 | min-d_batch=0.855 | min-d_hist=0.810
2025-10-11 20:37:48,666 - INFO - Round 68 done in 2125.72s; train size=355
2025-10-11 20:37:48,666 - INFO - 
--- Round 69 | trial=3 | sqrt_beta=1.0000 (beta=1.0000) | rho=0.75 | pack=batch | train size=355 ---
2025-10-11 21:13:13,510 - INFO - [bucb] step 1/5: rho=0.75 -> masked 0 / 999645 items
2025-10-11 21:13:13,517 - INFO - [bucb] pick 1/5: min-d_batch=1.000, min-d_hist=0.735
2025-10-11 21:13:18,943 - INFO - [bucb] step 2/5: rho=0.75 -> masked 176 / 999645 items
2025-10-11 21:13:18,953 - INFO - [bucb] pick 2/5: min-d_batch=0.859, min-d_hist=0.711
2025-10-11 21:13:27,571 - INFO - [bucb] step 3/5: rho=0.75 -> masked 939 / 999645 items
2025-10-11 21:13:27,580 - INFO - [bucb] pick 3/5: min-d_batch=0.841, min-d_hist=0.790
2025-10-11 21:13:39,069 - INFO - [bucb] step 4/5: rho=0.75 -> masked 1667 / 999645 items
2025-10-11 21:13:39,079 - INFO - [bucb] pick 4/5: min-d_batch=0.855, min-d_hist=0.740
2025-10-11 21:13:52,916 - INFO - [bucb] step 5/5: rho=0.75 -> masked 2255 / 999645 items
2025-10-11 21:13:52,926 - INFO - [bucb] pick 5/5: min-d_batch=0.842, min-d_hist=0.789
2025-10-11 21:13:55,923 - INFO - [round 69] pick 1/5: CC1=NC(CC(C)C)C(=O)N(CC(=O)N2CCNCC2)c2cc(C(=O)O)ccc21 | UCB=1.476 | mu=0.6127 | std=0.863 | f=0.6373 | min-d_batch=1.000 | min-d_hist=0.735
2025-10-11 21:13:56,625 - INFO - [round 69] pick 2/5: CC(=O)c1cccc2[nH]c(C(=O)NC3CCC(CCN4CCc5ccc(C#N)cc5C4)CC3)cc12 | UCB=1.473 | mu=0.6189 | std=0.8543 | f=0.5854 | min-d_batch=0.859 | min-d_hist=0.711
2025-10-11 21:13:57,328 - INFO - [round 69] pick 3/5: CCOc1cc(C2C3CCCCC3(O)CCN2CC(=O)NCc2ccco2)ccc1O | UCB=1.464 | mu=0.5748 | std=0.8893 | f=0.7033 | min-d_batch=0.841 | min-d_hist=0.790
2025-10-11 21:13:58,037 - INFO - [round 69] pick 4/5: O=C(c1cc(CN2CCOCC2)c(O)c([N+](=O)[O-])c1)c1ccc([N+](=O)[O-])c(O)c1CN1CCOCC1 | UCB=1.461 | mu=0.5851 | std=0.876 | f=0.6354 | min-d_batch=0.855 | min-d_hist=0.740
2025-10-11 21:13:58,745 - INFO - [round 69] pick 5/5: N=C(N)N1CCCC(CC2C(=O)N(C(=O)N3CCN(C(=O)CCCCCc4ccccn4)CC3)C2C(=O)O)C1 | UCB=1.452 | mu=0.5664 | std=0.8854 | f=0.5952 | min-d_batch=0.842 | min-d_hist=0.789
2025-10-11 21:13:59,457 - INFO - Round 69 done in 2170.79s; train size=360
2025-10-11 21:13:59,457 - INFO - 
--- Round 70 | trial=3 | sqrt_beta=1.0000 (beta=1.0000) | rho=0.75 | pack=batch | train size=360 ---
2025-10-11 21:49:38,374 - INFO - [bucb] step 1/5: rho=0.75 -> masked 0 / 999640 items
2025-10-11 21:49:38,382 - INFO - [bucb] pick 1/5: min-d_batch=1.000, min-d_hist=0.742
2025-10-11 21:49:44,321 - INFO - [bucb] step 2/5: rho=0.75 -> masked 2339 / 999640 items
2025-10-11 21:49:44,331 - INFO - [bucb] pick 2/5: min-d_batch=0.853, min-d_hist=0.758
2025-10-11 21:49:52,638 - INFO - [bucb] step 3/5: rho=0.75 -> masked 3010 / 999640 items
2025-10-11 21:49:52,648 - INFO - [bucb] pick 3/5: min-d_batch=0.829, min-d_hist=0.629
2025-10-11 21:50:04,123 - INFO - [bucb] step 4/5: rho=0.75 -> masked 3115 / 999640 items
2025-10-11 21:50:04,133 - INFO - [bucb] pick 4/5: min-d_batch=0.822, min-d_hist=0.763
2025-10-11 21:50:19,118 - INFO - [bucb] step 5/5: rho=0.75 -> masked 3535 / 999640 items
2025-10-11 21:50:19,128 - INFO - [bucb] pick 5/5: min-d_batch=0.865, min-d_hist=0.762
2025-10-11 21:50:22,029 - INFO - [round 70] pick 1/5: O=C(NCC1CCCO1)c1ccc2c(=O)n(Cc3ccco3)c(SCC(=O)N3CCCC3)nc2c1 | UCB=1.476 | mu=0.6138 | std=0.8625 | f=0.6143 | min-d_batch=1.000 | min-d_hist=0.742
2025-10-11 21:50:22,756 - INFO - [round 70] pick 2/5: COc1ccc2[nH]cc(C(=O)N3CCC(CO)C(O)C3)c(=O)c2c1 | UCB=1.476 | mu=0.6123 | std=0.8633 | f=0.64 | min-d_batch=0.853 | min-d_hist=0.758
2025-10-11 21:50:23,488 - INFO - [round 70] pick 3/5: O=C(O)CC(NC(=O)CN1CCc2ccc(N3CCNCC3)cc2C1=O)C1=CC=CN(O)C1 | UCB=1.476 | mu=0.6385 | std=0.8375 | f=0.6431 | min-d_batch=0.829 | min-d_hist=0.629
2025-10-11 21:50:24,224 - INFO - [round 70] pick 4/5: CCOc1cc(NC(=O)C2(NC(=O)c3ccc4c(C5CCCC5)c(-c5ncc(Cl)cn5)n(C)c4c3)CCC2)ccc1C=CC(=O)NC(CCC(=O)O)C(N)=O | UCB=1.462 | mu=0.5914 | std=0.8711 | f=0.4338 | min-d_batch=0.822 | min-d_hist=0.763
2025-10-11 21:50:24,963 - INFO - [round 70] pick 5/5: O=C(NN=CCCCCCCCc1c([N+](=O)[O-])ccc(O)c1C(=O)O)c1ccncc1 | UCB=1.443 | mu=0.5625 | std=0.8808 | f=0.676 | min-d_batch=0.865 | min-d_hist=0.762
2025-10-11 21:50:25,701 - INFO - Round 70 done in 2186.24s; train size=365
2025-10-11 21:50:25,701 - INFO - 
--- Round 71 | trial=3 | sqrt_beta=1.0000 (beta=1.0000) | rho=0.75 | pack=batch | train size=365 ---
2025-10-11 22:26:20,912 - INFO - [bucb] step 1/5: rho=0.75 -> masked 0 / 999635 items
2025-10-11 22:26:20,919 - INFO - [bucb] pick 1/5: min-d_batch=1.000, min-d_hist=0.753
2025-10-11 22:26:26,463 - INFO - [bucb] step 2/5: rho=0.75 -> masked 634 / 999635 items
2025-10-11 22:26:26,473 - INFO - [bucb] pick 2/5: min-d_batch=0.866, min-d_hist=0.794
2025-10-11 22:26:34,778 - INFO - [bucb] step 3/5: rho=0.75 -> masked 730 / 999635 items
2025-10-11 22:26:34,787 - INFO - [bucb] pick 3/5: min-d_batch=0.836, min-d_hist=0.725
2025-10-11 22:26:46,089 - INFO - [bucb] step 4/5: rho=0.75 -> masked 1266 / 999635 items
2025-10-11 22:26:46,099 - INFO - [bucb] pick 4/5: min-d_batch=0.840, min-d_hist=0.759
2025-10-11 22:26:59,670 - INFO - [bucb] step 5/5: rho=0.75 -> masked 1930 / 999635 items
2025-10-11 22:26:59,680 - INFO - [bucb] pick 5/5: min-d_batch=0.858, min-d_hist=0.798
2025-10-11 22:27:03,125 - INFO - [round 71] pick 1/5: COc1ccc(CC(=O)O)cc1-c1ccc(F)c2c1CN(C(=O)CC1CC1)CC2 | UCB=1.475 | mu=0.6167 | std=0.8585 | f=0.2773 | min-d_batch=1.000 | min-d_hist=0.753
2025-10-11 22:27:03,874 - INFO - [round 71] pick 2/5: O=C1NC(NNC(=O)c2ccncc2)=NC2C1=C1CCCN1C2(O)N1CCOCC1 | UCB=1.469 | mu=0.5736 | std=0.8953 | f=0.5478 | min-d_batch=0.866 | min-d_hist=0.794
2025-10-11 22:27:04,620 - INFO - [round 71] pick 3/5: Cn1cc(C=C2Oc3cccc(O)c3C2=O)c2c(N3CCC(C(=O)N4CCN(CCO)CC4)CC3)ccnc21 | UCB=1.47 | mu=0.6039 | std=0.866 | f=0.6586 | min-d_batch=0.836 | min-d_hist=0.725
2025-10-11 22:27:05,371 - INFO - [round 71] pick 4/5: NC(Cn1ccc(=O)n(Cc2cccc(C(=O)O)c2)c1=O)C(=O)O | UCB=1.46 | mu=0.5977 | std=0.8623 | f=0.5705 | min-d_batch=0.840 | min-d_hist=0.759
2025-10-11 22:27:06,133 - INFO - [round 71] pick 5/5: CCCc1nnc(CC(CC(O)CN2CCN(Cc3ccc(-c4ccc(Cl)cc4)o3)CC2C(=O)NCC(F)(F)F)C(=O)NC2CCOCC2O)o1 | UCB=1.458 | mu=0.556 | std=0.9018 | f=0.6249 | min-d_batch=0.858 | min-d_hist=0.798
2025-10-11 22:27:06,886 - INFO - Round 71 done in 2201.18s; train size=370
2025-10-11 22:27:06,886 - INFO - 
--- Round 72 | trial=3 | sqrt_beta=1.0000 (beta=1.0000) | rho=0.75 | pack=batch | train size=370 ---
2025-10-11 23:03:45,127 - INFO - [bucb] step 1/5: rho=0.75 -> masked 0 / 999630 items
2025-10-11 23:03:45,134 - INFO - [bucb] pick 1/5: min-d_batch=1.000, min-d_hist=0.551
2025-10-11 23:03:50,399 - INFO - [bucb] step 2/5: rho=0.75 -> masked 335 / 999630 items
2025-10-11 23:03:50,409 - INFO - [bucb] pick 2/5: min-d_batch=0.850, min-d_hist=0.675
2025-10-11 23:03:58,314 - INFO - [bucb] step 3/5: rho=0.75 -> masked 1148 / 999630 items
2025-10-11 23:03:58,324 - INFO - [bucb] pick 3/5: min-d_batch=0.859, min-d_hist=0.696
2025-10-11 23:04:09,457 - INFO - [bucb] step 4/5: rho=0.75 -> masked 1480 / 999630 items
2025-10-11 23:04:09,467 - INFO - [bucb] pick 4/5: min-d_batch=0.856, min-d_hist=0.763
2025-10-11 23:04:23,231 - INFO - [bucb] step 5/5: rho=0.75 -> masked 2005 / 999630 items
2025-10-11 23:04:23,241 - INFO - [bucb] pick 5/5: min-d_batch=0.849, min-d_hist=0.757
2025-10-11 23:04:26,475 - INFO - [round 72] pick 1/5: O=C(CCN1CCC(O)CC1)Nc1ccc2c(O)c3ccc(NC(=O)CCN4CCC(O)CC4)cc3nc2c1 | UCB=1.475 | mu=0.6491 | std=0.8256 | f=0.7044 | min-d_batch=1.000 | min-d_hist=0.551
2025-10-11 23:04:27,301 - INFO - [round 72] pick 2/5: Cc1cc(C(=O)N2CCC3(CCC(=O)N(CC(N)=O)C3)CC2)ccc1O | UCB=1.47 | mu=0.6268 | std=0.8429 | f=0.6387 | min-d_batch=0.850 | min-d_hist=0.675
2025-10-11 23:04:28,063 - INFO - [round 72] pick 3/5: C=CC1CN2CCC1CC2C(OCc1cn(C(C)C(=O)O)nn1)c1ccnc2ccc(OC)cc12 | UCB=1.455 | mu=0.5765 | std=0.8787 | f=0.6464 | min-d_batch=0.859 | min-d_hist=0.696
2025-10-11 23:04:28,829 - INFO - [round 72] pick 4/5: N=C(N)c1ccc(CNC(=O)C2C=CCN2C(=O)C(CC2CCCCC2)NCC(=O)O)o1 | UCB=1.453 | mu=0.5754 | std=0.8772 | f=0.6285 | min-d_batch=0.856 | min-d_hist=0.763
2025-10-11 23:04:29,606 - INFO - [round 72] pick 5/5: O=C(NCC1COC1)c1ccc2c(c1)CCn1c-2cc(OCC2COc3ncccc3O2)nc1=O | UCB=1.457 | mu=0.5683 | std=0.8885 | f=0.5905 | min-d_batch=0.849 | min-d_hist=0.757
2025-10-11 23:04:30,388 - INFO - Round 72 done in 2243.50s; train size=375
2025-10-11 23:04:30,388 - INFO - 
--- Round 73 | trial=3 | sqrt_beta=1.0000 (beta=1.0000) | rho=0.75 | pack=batch | train size=375 ---
2025-10-11 23:41:38,191 - INFO - [bucb] step 1/5: rho=0.75 -> masked 0 / 999625 items
2025-10-11 23:41:38,198 - INFO - [bucb] pick 1/5: min-d_batch=1.000, min-d_hist=0.722
2025-10-11 23:41:44,390 - INFO - [bucb] step 2/5: rho=0.75 -> masked 4519 / 999625 items
2025-10-11 23:41:44,400 - INFO - [bucb] pick 2/5: min-d_batch=0.867, min-d_hist=0.729
2025-10-11 23:41:52,761 - INFO - [bucb] step 3/5: rho=0.75 -> masked 6991 / 999625 items
2025-10-11 23:41:52,771 - INFO - [bucb] pick 3/5: min-d_batch=0.846, min-d_hist=0.788
2025-10-11 23:42:04,350 - INFO - [bucb] step 4/5: rho=0.75 -> masked 7341 / 999625 items
2025-10-11 23:42:04,361 - INFO - [bucb] pick 4/5: min-d_batch=0.858, min-d_hist=0.782
2025-10-11 23:42:18,908 - INFO - [bucb] step 5/5: rho=0.75 -> masked 7501 / 999625 items
2025-10-11 23:42:18,918 - INFO - [bucb] pick 5/5: min-d_batch=0.860, min-d_hist=0.775
2025-10-11 23:42:21,857 - INFO - [round 73] pick 1/5: COc1ccc(NC(=O)N(C)CC2Oc3ccc(NC(=O)CCN4CCOCC4)cc3C(=O)N(C(C)CO)CC2C)cc1 | UCB=1.473 | mu=0.633 | std=0.84 | f=0.6433 | min-d_batch=1.000 | min-d_hist=0.722
2025-10-11 23:42:22,637 - INFO - [round 73] pick 2/5: O=C(c1cccc(O)c1)N1CCN(Cc2nnc(C3CCC3)o2)CC1 | UCB=1.468 | mu=0.6231 | std=0.8448 | f=0.5593 | min-d_batch=0.867 | min-d_hist=0.729
2025-10-11 23:42:23,416 - INFO - [round 73] pick 3/5: C=C1CCC2C(C)(CO)C(O)CCC2(C)C1CC(OC(=O)c1ccc([N+](=O)[O-])cc1)C1=CCOC1=O | UCB=1.462 | mu=0.5685 | std=0.894 | f=0.6491 | min-d_batch=0.846 | min-d_hist=0.788
2025-10-11 23:42:24,203 - INFO - [round 73] pick 4/5: CC(=O)c1nn(CC(=O)N2CC(F)C(O)C2C(=O)NC2(c3cccc(Cl)c3F)CC2)c2cnccc12 | UCB=1.458 | mu=0.5649 | std=0.8933 | f=0.5907 | min-d_batch=0.858 | min-d_hist=0.782
2025-10-11 23:42:24,986 - INFO - [round 73] pick 5/5: NC(CCC(=O)O)C(=O)Oc1cc(O)c2c(=O)cc(-c3ccc(O)c(O)c3)oc2c1 | UCB=1.447 | mu=0.5661 | std=0.8813 | f=0.597 | min-d_batch=0.860 | min-d_hist=0.775
2025-10-11 23:42:25,770 - INFO - Round 73 done in 2275.38s; train size=380
2025-10-11 23:42:25,771 - INFO - 
--- Round 74 | trial=3 | sqrt_beta=1.0000 (beta=1.0000) | rho=0.75 | pack=batch | train size=380 ---
2025-10-12 00:22:25,269 - INFO - [bucb] step 1/5: rho=0.75 -> masked 0 / 999620 items
2025-10-12 00:22:25,277 - INFO - [bucb] pick 1/5: min-d_batch=1.000, min-d_hist=0.755
2025-10-12 00:22:31,151 - INFO - [bucb] step 2/5: rho=0.75 -> masked 879 / 999620 items
2025-10-12 00:22:31,161 - INFO - [bucb] pick 2/5: min-d_batch=0.852, min-d_hist=0.728
2025-10-12 00:22:39,821 - INFO - [bucb] step 3/5: rho=0.75 -> masked 2425 / 999620 items
2025-10-12 00:22:39,831 - INFO - [bucb] pick 3/5: min-d_batch=0.840, min-d_hist=0.739
2025-10-12 00:22:50,945 - INFO - [bucb] step 4/5: rho=0.75 -> masked 2974 / 999620 items
2025-10-12 00:22:50,955 - INFO - [bucb] pick 4/5: min-d_batch=0.861, min-d_hist=0.700
2025-10-12 00:23:04,654 - INFO - [bucb] step 5/5: rho=0.75 -> masked 3475 / 999620 items
2025-10-12 00:23:04,664 - INFO - [bucb] pick 5/5: min-d_batch=0.866, min-d_hist=0.797
2025-10-12 00:23:07,835 - INFO - [round 74] pick 1/5: CCC(CN1CCC(CNC(=O)c2ccc3cc(Cl)ccc3c2)NC(CCN2CCCCC2)C1=O)C1CC1 | UCB=1.474 | mu=0.6109 | std=0.8627 | f=0.1808 | min-d_batch=1.000 | min-d_hist=0.755
2025-10-12 00:23:08,638 - INFO - [round 74] pick 2/5: O=C(O)c1cn(C2CC2)c2nc(N3CCN(C(=O)C4COc5ccccc5O4)CC3)c([N+](=O)[O-])cc2c1=O | UCB=1.471 | mu=0.6217 | std=0.8497 | f=0.6501 | min-d_batch=0.852 | min-d_hist=0.728
2025-10-12 00:23:09,437 - INFO - [round 74] pick 3/5: CC(C)CC1C(=O)N(C(CO)C(=O)N2CCCC2C(=O)O)C(=O)C1c1ccc(O)cc1 | UCB=1.47 | mu=0.6234 | std=0.8464 | f=0.6249 | min-d_batch=0.840 | min-d_hist=0.739
2025-10-12 00:23:10,243 - INFO - [round 74] pick 4/5: COc1ccc(O)c(C=NNC(=O)CN2CCS(=O)(=O)CC2)c1 | UCB=1.453 | mu=0.605 | std=0.8476 | f=0.5884 | min-d_batch=0.861 | min-d_hist=0.700
2025-10-12 00:23:11,058 - INFO - [round 74] pick 5/5: CC(C)(O)CNC(=O)c1cc(OCCO)ccc1NC(=O)c1nc(C2CC2)cnc1Nc1cncnc1 | UCB=1.448 | mu=0.5598 | std=0.888 | f=0.5755 | min-d_batch=0.866 | min-d_hist=0.797
2025-10-12 00:23:11,874 - INFO - Round 74 done in 2446.10s; train size=385
2025-10-12 00:23:11,874 - INFO - 
--- Round 75 | trial=3 | sqrt_beta=1.0000 (beta=1.0000) | rho=0.75 | pack=batch | train size=385 ---
2025-10-12 01:01:14,160 - INFO - [bucb] step 1/5: rho=0.75 -> masked 0 / 999615 items
2025-10-12 01:01:14,167 - INFO - [bucb] pick 1/5: min-d_batch=1.000, min-d_hist=0.705
2025-10-12 01:01:19,495 - INFO - [bucb] step 2/5: rho=0.75 -> masked 722 / 999615 items
2025-10-12 01:01:19,506 - INFO - [bucb] pick 2/5: min-d_batch=0.860, min-d_hist=0.681
2025-10-12 01:01:28,072 - INFO - [bucb] step 3/5: rho=0.75 -> masked 1696 / 999615 items
2025-10-12 01:01:28,082 - INFO - [bucb] pick 3/5: min-d_batch=0.852, min-d_hist=0.744
2025-10-12 01:01:39,444 - INFO - [bucb] step 4/5: rho=0.75 -> masked 3677 / 999615 items
2025-10-12 01:01:39,454 - INFO - [bucb] pick 4/5: min-d_batch=0.858, min-d_hist=0.789
2025-10-12 01:01:53,963 - INFO - [bucb] step 5/5: rho=0.75 -> masked 3807 / 999615 items
2025-10-12 01:01:53,974 - INFO - [bucb] pick 5/5: min-d_batch=0.862, min-d_hist=0.689
2025-10-12 01:01:57,144 - INFO - [round 75] pick 1/5: CC(=O)ON=C(N)c1ccc(N2CC(CN3CCN(CC(=O)O)CC3)OC2=O)cc1 | UCB=1.475 | mu=0.6381 | std=0.8373 | f=0.6447 | min-d_batch=1.000 | min-d_hist=0.705
2025-10-12 01:01:57,977 - INFO - [round 75] pick 2/5: C=CCN1CCC23c4c5ccc(O)c4OC2C(NC(=O)c2cccc([N+](=O)[O-])c2)CCC3(O)C1C5 | UCB=1.467 | mu=0.6173 | std=0.8497 | f=0.684 | min-d_batch=0.860 | min-d_hist=0.681
2025-10-12 01:01:58,807 - INFO - [round 75] pick 3/5: COC(CNC(=O)C1CCN(S(=O)(=O)c2ccc3nc4c(c(C(=O)O)c3c2)CC(C)CC4)CC1)OC | UCB=1.463 | mu=0.6047 | std=0.858 | f=0.6211 | min-d_batch=0.852 | min-d_hist=0.744
2025-10-12 01:01:59,649 - INFO - [round 75] pick 4/5: CCCCC(CN(O)C=O)C(=O)N1CC2(CC2)CC1C(=O)Nc1cccc(Nc2ncccn2)c1 | UCB=1.453 | mu=0.5629 | std=0.8896 | f=0.675 | min-d_batch=0.858 | min-d_hist=0.789
2025-10-12 01:02:00,502 - INFO - [round 75] pick 5/5: O=C1OCCc2cc(C3CN4CCN(C(=O)Cc5cnc(-n6cnnn6)cn5)CC4CO3)ccc21 | UCB=1.451 | mu=0.5615 | std=0.8892 | f=0.6451 | min-d_batch=0.862 | min-d_hist=0.689
2025-10-12 01:02:01,333 - INFO - Round 75 done in 2329.46s; train size=390
2025-10-12 01:02:01,333 - INFO - 
--- Round 76 | trial=3 | sqrt_beta=1.0000 (beta=1.0000) | rho=0.75 | pack=batch | train size=390 ---
2025-10-12 01:43:10,387 - INFO - [bucb] step 1/5: rho=0.75 -> masked 0 / 999610 items
2025-10-12 01:43:10,394 - INFO - [bucb] pick 1/5: min-d_batch=1.000, min-d_hist=0.706
2025-10-12 01:43:16,059 - INFO - [bucb] step 2/5: rho=0.75 -> masked 3968 / 999610 items
2025-10-12 01:43:16,069 - INFO - [bucb] pick 2/5: min-d_batch=0.837, min-d_hist=0.720
2025-10-12 01:43:24,505 - INFO - [bucb] step 3/5: rho=0.75 -> masked 4328 / 999610 items
2025-10-12 01:43:24,515 - INFO - [bucb] pick 3/5: min-d_batch=0.844, min-d_hist=0.767
2025-10-12 01:43:35,560 - INFO - [bucb] step 4/5: rho=0.75 -> masked 4752 / 999610 items
2025-10-12 01:43:35,570 - INFO - [bucb] pick 4/5: min-d_batch=0.871, min-d_hist=0.733
2025-10-12 01:43:49,137 - INFO - [bucb] step 5/5: rho=0.75 -> masked 4916 / 999610 items
2025-10-12 01:43:49,147 - INFO - [bucb] pick 5/5: min-d_batch=0.842, min-d_hist=0.781
2025-10-12 01:43:52,408 - INFO - [round 76] pick 1/5: COc1ccc(NC(=O)CN2CCC(NC(=O)c3ccco3)CC2)c([N+](=O)[O-])c1 | UCB=1.474 | mu=0.6495 | std=0.8246 | f=0.6579 | min-d_batch=1.000 | min-d_hist=0.706
2025-10-12 01:43:53,252 - INFO - [round 76] pick 2/5: Cc1ccc2c(c1)C1(C)CCC(=O)C(NC(=O)CCN3CCN(CCO)CC3)C1O2 | UCB=1.469 | mu=0.6031 | std=0.866 | f=0.5601 | min-d_batch=0.837 | min-d_hist=0.720
2025-10-12 01:43:54,145 - INFO - [round 76] pick 3/5: O=C1CCC(C(=O)N2CCCC(C(=O)c3ccc4c5c(cccc35)CC4)C2)=NN1 | UCB=1.462 | mu=0.5817 | std=0.8803 | f=0.5307 | min-d_batch=0.844 | min-d_hist=0.767
2025-10-12 01:43:55,017 - INFO - [round 76] pick 4/5: O=CC(CC(=O)O)NC(=O)c1cnc(CNS(=O)(=O)c2ccc(O)c(C(=O)O)c2)nc1 | UCB=1.446 | mu=0.5815 | std=0.8648 | f=0.5316 | min-d_batch=0.871 | min-d_hist=0.733
2025-10-12 01:43:55,881 - INFO - [round 76] pick 5/5: O=C(NCCC(O)CO)C1C(c2cccc(Cl)c2)C2(C(=O)Nc3cc(Cl)c(F)cc32)C2CC3(CCCC3)CCN12 | UCB=1.459 | mu=0.5729 | std=0.8863 | f=0.6633 | min-d_batch=0.842 | min-d_hist=0.781
2025-10-12 01:43:56,742 - INFO - Round 76 done in 2515.41s; train size=395
2025-10-12 01:43:56,742 - INFO - 
--- Round 77 | trial=3 | sqrt_beta=1.0000 (beta=1.0000) | rho=0.75 | pack=batch | train size=395 ---
2025-10-12 02:22:50,651 - INFO - [bucb] step 1/5: rho=0.75 -> masked 0 / 999605 items
2025-10-12 02:22:50,659 - INFO - [bucb] pick 1/5: min-d_batch=1.000, min-d_hist=0.735
2025-10-12 02:22:56,217 - INFO - [bucb] step 2/5: rho=0.75 -> masked 991 / 999605 items
2025-10-12 02:22:56,227 - INFO - [bucb] pick 2/5: min-d_batch=0.844, min-d_hist=0.680
2025-10-12 02:23:04,650 - INFO - [bucb] step 3/5: rho=0.75 -> masked 1266 / 999605 items
2025-10-12 02:23:04,660 - INFO - [bucb] pick 3/5: min-d_batch=0.849, min-d_hist=0.775
2025-10-12 02:23:15,999 - INFO - [bucb] step 4/5: rho=0.75 -> masked 1300 / 999605 items
2025-10-12 02:23:16,010 - INFO - [bucb] pick 4/5: min-d_batch=0.852, min-d_hist=0.773
2025-10-12 02:23:30,335 - INFO - [bucb] step 5/5: rho=0.75 -> masked 1598 / 999605 items
2025-10-12 02:23:30,346 - INFO - [bucb] pick 5/5: min-d_batch=0.850, min-d_hist=0.729
2025-10-12 02:23:33,649 - INFO - [round 77] pick 1/5: N=C(N)c1ccc(CC(=O)C(=O)O)c(OCCNC(=O)C2CCN(c3ccncc3)CC2)c1 | UCB=1.475 | mu=0.625 | std=0.8498 | f=0.6447 | min-d_batch=1.000 | min-d_hist=0.735
2025-10-12 02:23:34,522 - INFO - [round 77] pick 2/5: Cc1ccc(C(Nc2c(Nc3cccc(C(=O)N4CCC(O)C4)c3)c(=O)c2=O)C2(C)COC2)o1 | UCB=1.467 | mu=0.6066 | std=0.86 | f=0.6015 | min-d_batch=0.844 | min-d_hist=0.680
2025-10-12 02:23:35,387 - INFO - [round 77] pick 3/5: CC1CC2(CCN(CC(O)c3ccc4c(c3)-c3nnnn3C4)CC2)C(=O)N1C1=CC(=O)OC1 | UCB=1.453 | mu=0.5571 | std=0.8961 | f=0.6488 | min-d_batch=0.849 | min-d_hist=0.775
2025-10-12 02:23:36,266 - INFO - [round 77] pick 4/5: CC(C)(C)C(NC(=O)C(CC1CCCC1)CN(O)C=O)C(=O)N1CCC(NCc2ccc(O)c(O)c2)CC1 | UCB=1.459 | mu=0.5894 | std=0.8693 | f=0.6366 | min-d_batch=0.852 | min-d_hist=0.773
2025-10-12 02:23:37,135 - INFO - [round 77] pick 5/5: Nc1nc(C(=NO)C(=O)NC2C(=O)N3C(C(=O)O)=C(C=C4CCN(c5cccc([N+](=O)[O-])c5)C4=O)CSC23)cs1 | UCB=1.453 | mu=0.5698 | std=0.8835 | f=0.5908 | min-d_batch=0.850 | min-d_hist=0.729
2025-10-12 02:23:38,013 - INFO - Round 77 done in 2381.27s; train size=400
2025-10-12 02:23:38,013 - INFO - 
--- Round 78 | trial=3 | sqrt_beta=1.0000 (beta=1.0000) | rho=0.75 | pack=batch | train size=400 ---
2025-10-12 03:03:02,454 - INFO - [bucb] step 1/5: rho=0.75 -> masked 0 / 999600 items
2025-10-12 03:03:02,461 - INFO - [bucb] pick 1/5: min-d_batch=1.000, min-d_hist=0.737
2025-10-12 03:03:08,689 - INFO - [bucb] step 2/5: rho=0.75 -> masked 552 / 999600 items
2025-10-12 03:03:08,700 - INFO - [bucb] pick 2/5: min-d_batch=0.872, min-d_hist=0.710
2025-10-12 03:03:17,250 - INFO - [bucb] step 3/5: rho=0.75 -> masked 839 / 999600 items
2025-10-12 03:03:17,260 - INFO - [bucb] pick 3/5: min-d_batch=0.853, min-d_hist=0.679
2025-10-12 03:03:28,420 - INFO - [bucb] step 4/5: rho=0.75 -> masked 4569 / 999600 items
2025-10-12 03:03:28,431 - INFO - [bucb] pick 4/5: min-d_batch=0.847, min-d_hist=0.794
2025-10-12 03:03:43,008 - INFO - [bucb] step 5/5: rho=0.75 -> masked 4765 / 999600 items
2025-10-12 03:03:43,018 - INFO - [bucb] pick 5/5: min-d_batch=0.878, min-d_hist=0.794
2025-10-12 03:03:46,171 - INFO - [round 78] pick 1/5: COC(=O)C1(c2ccccc2)CCN(CCCNC(=O)N2C(=O)NC3=C(C(=O)OC3)C2c2ccc3nonc3c2)CC1 | UCB=1.47 | mu=0.5931 | std=0.8773 | f=0.6613 | min-d_batch=1.000 | min-d_hist=0.737
2025-10-12 03:03:47,057 - INFO - [round 78] pick 2/5: O=C(O)c1ccc(NC(=O)C(CC2CCCC2)n2cnc(S(=O)(=O)C3CC3)c2)nc1 | UCB=1.463 | mu=0.6104 | std=0.8527 | f=0.6397 | min-d_batch=0.872 | min-d_hist=0.710
2025-10-12 03:03:47,935 - INFO - [round 78] pick 3/5: O=C(CCN1CCN(c2cccc(C(F)(F)F)c2)CC1)c1cc(O)c(O)c([N+](=O)[O-])c1 | UCB=1.466 | mu=0.6349 | std=0.8312 | f=0.6531 | min-d_batch=0.853 | min-d_hist=0.679
2025-10-12 03:03:48,826 - INFO - [round 78] pick 4/5: COc1ccc2c(OC3CC4C(=O)NC5(C(=O)O)CC5C=CCCCCOC(=O)N4C3)nc(Cl)cc2c1 | UCB=1.459 | mu=0.5603 | std=0.8985 | f=0.6464 | min-d_batch=0.847 | min-d_hist=0.794
2025-10-12 03:03:49,716 - INFO - [round 78] pick 5/5: CC(=O)NC1C(NC(=N)N)C=C(C(=O)O)OC1C(OC(=O)NCCCOC(=O)c1cc(N)ccc1O)C(O)CO | UCB=1.435 | mu=0.5415 | std=0.894 | f=0.5601 | min-d_batch=0.878 | min-d_hist=0.794
2025-10-12 03:03:50,614 - INFO - Round 78 done in 2412.60s; train size=405
2025-10-12 03:03:50,614 - INFO - 
--- Round 79 | trial=3 | sqrt_beta=1.0000 (beta=1.0000) | rho=0.75 | pack=batch | train size=405 ---
2025-10-12 03:43:38,296 - INFO - [bucb] step 1/5: rho=0.75 -> masked 0 / 999595 items
2025-10-12 03:43:38,303 - INFO - [bucb] pick 1/5: min-d_batch=1.000, min-d_hist=0.651
2025-10-12 03:43:44,093 - INFO - [bucb] step 2/5: rho=0.75 -> masked 4350 / 999595 items
2025-10-12 03:43:44,104 - INFO - [bucb] pick 2/5: min-d_batch=0.858, min-d_hist=0.725
2025-10-12 03:43:52,688 - INFO - [bucb] step 3/5: rho=0.75 -> masked 4483 / 999595 items
2025-10-12 03:43:52,698 - INFO - [bucb] pick 3/5: min-d_batch=0.855, min-d_hist=0.797
2025-10-12 03:44:04,418 - INFO - [bucb] step 4/5: rho=0.75 -> masked 4725 / 999595 items
2025-10-12 03:44:04,429 - INFO - [bucb] pick 4/5: min-d_batch=0.836, min-d_hist=0.694
2025-10-12 03:44:18,664 - INFO - [bucb] step 5/5: rho=0.75 -> masked 5155 / 999595 items
2025-10-12 03:44:18,675 - INFO - [bucb] pick 5/5: min-d_batch=0.853, min-d_hist=0.758
2025-10-12 03:44:21,657 - INFO - [round 79] pick 1/5: COC(=O)c1ccc(C2C(C(=O)c3ccc4c(c3)OCCO4)=C(O)C(=O)N2CCCN2CCOCC2)cc1 | UCB=1.472 | mu=0.644 | std=0.8277 | f=0.6896 | min-d_batch=1.000 | min-d_hist=0.651
2025-10-12 03:44:22,565 - INFO - [round 79] pick 2/5: CC(C)CC1C(=O)NC(C(=O)Nc2ccncc2)CCCCN(C)C(=O)OCCCC1C(=O)NO | UCB=1.468 | mu=0.5954 | std=0.8723 | f=0.6035 | min-d_batch=0.858 | min-d_hist=0.725
2025-10-12 03:44:23,473 - INFO - [round 79] pick 3/5: CC1(C)C2CCC1(CS(=O)(=O)N1CCC3(C=Cc4ccccc43)CC1)C(O)(CNC(=O)c1n[nH]c(N)n1)C2 | UCB=1.462 | mu=0.5616 | std=0.9004 | f=0.6358 | min-d_batch=0.855 | min-d_hist=0.797
2025-10-12 03:44:24,390 - INFO - [round 79] pick 4/5: C=CCc1c(OCC(O)COc2ccc(C(C)=O)c(O)c2)ccc2c(=O)cc(C(=O)O)oc12 | UCB=1.454 | mu=0.5876 | std=0.8665 | f=0.6187 | min-d_batch=0.836 | min-d_hist=0.694
2025-10-12 03:44:25,309 - INFO - [round 79] pick 5/5: CCC(=O)N1CC2(CC(c3cccc([N+](=O)[O-])c3)=NO2)CC1C(=O)NCC(N)=O | UCB=1.457 | mu=0.579 | std=0.8777 | f=0.5798 | min-d_batch=0.853 | min-d_hist=0.758
2025-10-12 03:44:26,228 - INFO - Round 79 done in 2435.61s; train size=410
2025-10-12 03:44:26,228 - INFO - 
--- Round 80 | trial=3 | sqrt_beta=1.0000 (beta=1.0000) | rho=0.75 | pack=batch | train size=410 ---
2025-10-12 04:25:15,871 - INFO - [bucb] step 1/5: rho=0.75 -> masked 0 / 999590 items
2025-10-12 04:25:15,879 - INFO - [bucb] pick 1/5: min-d_batch=1.000, min-d_hist=0.715
2025-10-12 04:25:21,337 - INFO - [bucb] step 2/5: rho=0.75 -> masked 5224 / 999590 items
2025-10-12 04:25:21,347 - INFO - [bucb] pick 2/5: min-d_batch=0.827, min-d_hist=0.747
2025-10-12 04:25:29,765 - INFO - [bucb] step 3/5: rho=0.75 -> masked 5673 / 999590 items
2025-10-12 04:25:29,775 - INFO - [bucb] pick 3/5: min-d_batch=0.843, min-d_hist=0.791
2025-10-12 04:25:41,111 - INFO - [bucb] step 4/5: rho=0.75 -> masked 5768 / 999590 items
2025-10-12 04:25:41,121 - INFO - [bucb] pick 4/5: min-d_batch=0.864, min-d_hist=0.768
2025-10-12 04:25:54,740 - INFO - [bucb] step 5/5: rho=0.75 -> masked 6379 / 999590 items
2025-10-12 04:25:54,751 - INFO - [bucb] pick 5/5: min-d_batch=0.846, min-d_hist=0.747
2025-10-12 04:25:57,867 - INFO - [round 80] pick 1/5: CC(=O)c1ccc(N2CCN(C(=O)CN3CCC(C(=O)Nc4cc(Cl)c(O)c(Cl)c4)C3)CC2)cc1 | UCB=1.47 | mu=0.6362 | std=0.834 | f=0.6818 | min-d_batch=1.000 | min-d_hist=0.715
2025-10-12 04:25:58,788 - INFO - [round 80] pick 2/5: Cc1cc(C2CCN(S(=O)(=O)C(C)(C)C(=O)NO)CC2)ccc1-c1cccc(OCCO)n1 | UCB=1.469 | mu=0.6026 | std=0.8664 | f=0.6654 | min-d_batch=0.827 | min-d_hist=0.747
2025-10-12 04:25:59,774 - INFO - [round 80] pick 3/5: CC(=CCC12OC(C)(C)C3CC(C=C4C(=O)c5c(O)cccc5OC431)C2=O)COC(=O)CN1CCCC1 | UCB=1.463 | mu=0.5696 | std=0.8931 | f=0.6468 | min-d_batch=0.843 | min-d_hist=0.791
2025-10-12 04:26:00,725 - INFO - [round 80] pick 4/5: O=C(CCNC(=O)c1nc[nH]n1)NC(CO)C(O)c1ccc([N+](=O)[O-])cc1 | UCB=1.444 | mu=0.5724 | std=0.8713 | f=0.5825 | min-d_batch=0.864 | min-d_hist=0.768
2025-10-12 04:26:01,670 - INFO - [round 80] pick 5/5: O=C(O)c1ccc2occ(C=NNc3nc4c(c(N5CCOCC5)n3)CS(=O)(=O)CC4)c(=O)c2c1 | UCB=1.453 | mu=0.5718 | std=0.8807 | f=0.5678 | min-d_batch=0.846 | min-d_hist=0.747
2025-10-12 04:26:02,614 - INFO - Round 80 done in 2496.39s; train size=415
2025-10-12 04:26:02,614 - INFO - 
--- Round 81 | trial=3 | sqrt_beta=1.0000 (beta=1.0000) | rho=0.75 | pack=batch | train size=415 ---
2025-10-12 05:06:06,295 - INFO - [bucb] step 1/5: rho=0.75 -> masked 0 / 999585 items
2025-10-12 05:06:06,303 - INFO - [bucb] pick 1/5: min-d_batch=1.000, min-d_hist=0.741
2025-10-12 05:06:12,279 - INFO - [bucb] step 2/5: rho=0.75 -> masked 752 / 999585 items
2025-10-12 05:06:12,290 - INFO - [bucb] pick 2/5: min-d_batch=0.843, min-d_hist=0.750
2025-10-12 05:06:20,783 - INFO - [bucb] step 3/5: rho=0.75 -> masked 999 / 999585 items
2025-10-12 05:06:20,793 - INFO - [bucb] pick 3/5: min-d_batch=0.841, min-d_hist=0.744
2025-10-12 05:06:32,027 - INFO - [bucb] step 4/5: rho=0.75 -> masked 1575 / 999585 items
2025-10-12 05:06:32,037 - INFO - [bucb] pick 4/5: min-d_batch=0.830, min-d_hist=0.709
2025-10-12 05:06:46,224 - INFO - [bucb] step 5/5: rho=0.75 -> masked 1904 / 999585 items
2025-10-12 05:06:46,234 - INFO - [bucb] pick 5/5: min-d_batch=0.863, min-d_hist=0.745
2025-10-12 05:06:49,308 - INFO - [round 81] pick 1/5: Cc1ccccc1Nc1nc2ccc(CC(=O)N3CC(F)CC3C(=O)N3CCN(CC(=O)O)CC3)cc2o1 | UCB=1.471 | mu=0.6198 | std=0.8509 | f=0.6529 | min-d_batch=1.000 | min-d_hist=0.741
2025-10-12 05:06:50,313 - INFO - [round 81] pick 2/5: CC(c1ccc(-c2ccc(C3(C(N)=O)CC3)nc2)cc1)N1CCC2(CCC(O)C2)OC1=O | UCB=1.464 | mu=0.5856 | std=0.8788 | f=0.6927 | min-d_batch=0.843 | min-d_hist=0.750
2025-10-12 05:06:51,273 - INFO - [round 81] pick 3/5: COc1cccc(C(=O)NC2CC=CCN(CC(=O)NC3CC(=O)OC3O)C2=O)c1 | UCB=1.463 | mu=0.5905 | std=0.8727 | f=0.6079 | min-d_batch=0.841 | min-d_hist=0.744
2025-10-12 05:06:52,240 - INFO - [round 81] pick 4/5: N#Cc1c[nH]c(C(=O)Nc2ccc(C3CCN(C(=O)C(O)CO)CC3)cc2C2=CCCCC2)n1 | UCB=1.467 | mu=0.596 | std=0.8705 | f=0.6699 | min-d_batch=0.830 | min-d_hist=0.709
2025-10-12 05:06:53,217 - INFO - [round 81] pick 5/5: C=CCn1c(SCc2cc([N+](=O)[O-])cc3c2OCOC3)nc2cc(C(=O)O)ccc2c1=O | UCB=1.443 | mu=0.5671 | std=0.8764 | f=0.5734 | min-d_batch=0.863 | min-d_hist=0.745
2025-10-12 05:06:54,191 - INFO - Round 81 done in 2451.58s; train size=420
2025-10-12 05:06:54,191 - INFO - 
--- Round 82 | trial=3 | sqrt_beta=1.0000 (beta=1.0000) | rho=0.75 | pack=batch | train size=420 ---
2025-10-12 05:47:54,035 - INFO - [bucb] step 1/5: rho=0.75 -> masked 0 / 999580 items
2025-10-12 05:47:54,042 - INFO - [bucb] pick 1/5: min-d_batch=1.000, min-d_hist=0.725
2025-10-12 05:47:59,978 - INFO - [bucb] step 2/5: rho=0.75 -> masked 1909 / 999580 items
2025-10-12 05:47:59,988 - INFO - [bucb] pick 2/5: min-d_batch=0.840, min-d_hist=0.765
2025-10-12 05:48:08,701 - INFO - [bucb] step 3/5: rho=0.75 -> masked 3579 / 999580 items
2025-10-12 05:48:08,711 - INFO - [bucb] pick 3/5: min-d_batch=0.869, min-d_hist=0.729
2025-10-12 05:48:20,515 - INFO - [bucb] step 4/5: rho=0.75 -> masked 3756 / 999580 items
2025-10-12 05:48:20,526 - INFO - [bucb] pick 4/5: min-d_batch=0.840, min-d_hist=0.731
2025-10-12 05:48:35,261 - INFO - [bucb] step 5/5: rho=0.75 -> masked 3932 / 999580 items
2025-10-12 05:48:35,271 - INFO - [bucb] pick 5/5: min-d_batch=0.831, min-d_hist=0.706
2025-10-12 05:48:38,560 - INFO - [round 82] pick 1/5: CCOC(=O)N1CCN(C(=O)C(CCC(=O)O)NC(=O)c2cc(N3CCC(O)C3)nc(-c3ccccc3)n2)CC1 | UCB=1.47 | mu=0.6209 | std=0.8493 | f=0.6335 | min-d_batch=1.000 | min-d_hist=0.725
2025-10-12 05:48:39,540 - INFO - [round 82] pick 2/5: CC(C)(O)C1(C(=O)NCc2cc(C(F)(F)F)cc(C(F)(F)F)c2)CCC(N2CCC(c3cccc(C(=O)O)c3)CC2)C1 | UCB=1.47 | mu=0.5879 | std=0.8819 | f=0.296 | min-d_batch=0.840 | min-d_hist=0.765
2025-10-12 05:48:40,519 - INFO - [round 82] pick 3/5: O=C1COc2ccc(C(=O)NC34CCC(CC5(O)Cn6c(=O)ccc7ncc(F)c5c76)(CC3)OC4)nc2N1 | UCB=1.453 | mu=0.558 | std=0.8953 | f=0.6013 | min-d_batch=0.869 | min-d_hist=0.729
2025-10-12 05:48:41,506 - INFO - [round 82] pick 4/5: CC(=CC(=O)NC1CCc2cccc3c2N(C1=O)C(C(=O)NCCOC(N)=O)C3)c1ccc(OP(=O)(O)O)cc1 | UCB=1.463 | mu=0.5915 | std=0.8716 | f=0.6223 | min-d_batch=0.840 | min-d_hist=0.731
2025-10-12 05:48:42,493 - INFO - [round 82] pick 5/5: C=CC1(C)CC(OC(=O)N2Cc3ccc(NC(=O)CN4CCN(CCO)CC4)cc3C2=O)C2(C)C(C)CCC3(CCC(=O)C32)C(C)C1O | UCB=1.463 | mu=0.5897 | std=0.8734 | f=0.6245 | min-d_batch=0.831 | min-d_hist=0.706
2025-10-12 05:48:43,480 - INFO - Round 82 done in 2509.29s; train size=425
2025-10-12 05:48:43,480 - INFO - 
--- Round 83 | trial=3 | sqrt_beta=1.0000 (beta=1.0000) | rho=0.75 | pack=batch | train size=425 ---
2025-10-12 06:30:35,501 - INFO - [bucb] step 1/5: rho=0.75 -> masked 0 / 999575 items
2025-10-12 06:30:35,509 - INFO - [bucb] pick 1/5: min-d_batch=1.000, min-d_hist=0.620
2025-10-12 06:30:41,242 - INFO - [bucb] step 2/5: rho=0.75 -> masked 4559 / 999575 items
2025-10-12 06:30:41,252 - INFO - [bucb] pick 2/5: min-d_batch=0.856, min-d_hist=0.732
2025-10-12 06:30:49,668 - INFO - [bucb] step 3/5: rho=0.75 -> masked 5171 / 999575 items
2025-10-12 06:30:49,678 - INFO - [bucb] pick 3/5: min-d_batch=0.843, min-d_hist=0.745
2025-10-12 06:31:01,075 - INFO - [bucb] step 4/5: rho=0.75 -> masked 5800 / 999575 items
2025-10-12 06:31:01,085 - INFO - [bucb] pick 4/5: min-d_batch=0.842, min-d_hist=0.743
2025-10-12 06:31:15,110 - INFO - [bucb] step 5/5: rho=0.75 -> masked 5931 / 999575 items
2025-10-12 06:31:15,120 - INFO - [bucb] pick 5/5: min-d_batch=0.818, min-d_hist=0.789
2025-10-12 06:31:18,030 - INFO - [round 83] pick 1/5: COc1ccc(-c2[nH]nc3c2C(=O)c2c(NC(=O)CN4CCN(C(N)=O)CC4)cccc2-3)cc1 | UCB=1.471 | mu=0.6599 | std=0.8114 | f=0.6079 | min-d_batch=1.000 | min-d_hist=0.620
2025-10-12 06:31:19,021 - INFO - [round 83] pick 2/5: CCc1cc(=O)oc2cc(OCC(=O)N3CCC4(O)CCCCC4C3)ccc12 | UCB=1.464 | mu=0.598 | std=0.8662 | f=0.5657 | min-d_batch=0.856 | min-d_hist=0.732
2025-10-12 06:31:20,017 - INFO - [round 83] pick 3/5: CC(Nc1nccc(N2C(=O)OCC2C(C)C)n1)c1ccc(C(=O)N2CCC(O)CC2)c(F)c1 | UCB=1.465 | mu=0.5973 | std=0.8676 | f=0.6197 | min-d_batch=0.843 | min-d_hist=0.745
2025-10-12 06:31:21,021 - INFO - [round 83] pick 4/5: O=C(NC1CON(CCCCOC(=O)c2cccc(O)c2O)C1=O)c1cccc(O)c1O | UCB=1.457 | mu=0.5871 | std=0.8694 | f=0.6727 | min-d_batch=0.842 | min-d_hist=0.743
2025-10-12 06:31:22,027 - INFO - [round 83] pick 5/5: N=C(O)C1CS(=O)(=O)CN1C(=O)c1ccc(C2(O)CCC2)c(OCC2CC2)n1 | UCB=1.451 | mu=0.5554 | std=0.8956 | f=0.5942 | min-d_batch=0.818 | min-d_hist=0.789
2025-10-12 06:31:23,035 - INFO - Round 83 done in 2559.56s; train size=430
2025-10-12 06:31:23,036 - INFO - 
--- Round 84 | trial=3 | sqrt_beta=1.0000 (beta=1.0000) | rho=0.75 | pack=batch | train size=430 ---
2025-10-12 07:13:47,111 - INFO - [bucb] step 1/5: rho=0.75 -> masked 0 / 999570 items
2025-10-12 07:13:47,118 - INFO - [bucb] pick 1/5: min-d_batch=1.000, min-d_hist=0.712
2025-10-12 07:13:52,657 - INFO - [bucb] step 2/5: rho=0.75 -> masked 900 / 999570 items
2025-10-12 07:13:52,668 - INFO - [bucb] pick 2/5: min-d_batch=0.851, min-d_hist=0.716
2025-10-12 07:14:01,329 - INFO - [bucb] step 3/5: rho=0.75 -> masked 1670 / 999570 items
2025-10-12 07:14:01,339 - INFO - [bucb] pick 3/5: min-d_batch=0.859, min-d_hist=0.668
2025-10-12 07:14:12,818 - INFO - [bucb] step 4/5: rho=0.75 -> masked 5387 / 999570 items
2025-10-12 07:14:12,828 - INFO - [bucb] pick 4/5: min-d_batch=0.849, min-d_hist=0.767
2025-10-12 07:14:27,007 - INFO - [bucb] step 5/5: rho=0.75 -> masked 5718 / 999570 items
2025-10-12 07:14:27,017 - INFO - [bucb] pick 5/5: min-d_batch=0.850, min-d_hist=0.814
2025-10-12 07:14:29,982 - INFO - [round 84] pick 1/5: O=Cc1c(O)ccc2nc(N3CCC(NC(=O)CN4CCOCC4)C3)ccc12 | UCB=1.468 | mu=0.622 | std=0.8461 | f=0.6716 | min-d_batch=1.000 | min-d_hist=0.712
2025-10-12 07:14:31,003 - INFO - [round 84] pick 2/5: O=C(OCC(O)CO)N1CC=C(c2ccc(N3CC(COc4ccon4)OC3=O)cc2F)CC1 | UCB=1.468 | mu=0.5945 | std=0.8733 | f=0.6384 | min-d_batch=0.851 | min-d_hist=0.716
2025-10-12 07:14:32,043 - INFO - [round 84] pick 3/5: CC1=C(C(N)=O)C(c2ccc([N+](=O)[O-])cc2)C(C(=O)NCCCN2CCC(O)(c3ccccc3)CC2)=C(C)N1 | UCB=1.464 | mu=0.6296 | std=0.834 | f=0.7115 | min-d_batch=0.859 | min-d_hist=0.668
2025-10-12 07:14:33,134 - INFO - [round 84] pick 4/5: CN(C(=O)C(CCOc1ccc2c(c1)CN1CC(=O)NC1=N2)C(=O)O)C1CCCCC1 | UCB=1.461 | mu=0.5789 | std=0.8826 | f=0.6176 | min-d_batch=0.849 | min-d_hist=0.767
2025-10-12 07:14:34,170 - INFO - [round 84] pick 5/5: NC1CC(N)CN(c2nc(Nc3ccc(NC(=O)c4cccnc4O)c(O)c3)nc(N3CC(N)CC(N)C3)n2)C1 | UCB=1.447 | mu=0.5412 | std=0.9061 | f=0.5676 | min-d_batch=0.850 | min-d_hist=0.814
2025-10-12 07:14:35,208 - INFO - Round 84 done in 2592.17s; train size=435
2025-10-12 07:14:35,208 - INFO - 
--- Round 85 | trial=3 | sqrt_beta=1.0000 (beta=1.0000) | rho=0.75 | pack=batch | train size=435 ---
2025-10-12 07:57:34,536 - INFO - [bucb] step 1/5: rho=0.75 -> masked 0 / 999565 items
2025-10-12 07:57:34,544 - INFO - [bucb] pick 1/5: min-d_batch=1.000, min-d_hist=0.772
2025-10-12 07:57:39,890 - INFO - [bucb] step 2/5: rho=0.75 -> masked 601 / 999565 items
2025-10-12 07:57:39,900 - INFO - [bucb] pick 2/5: min-d_batch=0.842, min-d_hist=0.724
2025-10-12 07:57:48,744 - INFO - [bucb] step 3/5: rho=0.75 -> masked 988 / 999565 items
2025-10-12 07:57:48,754 - INFO - [bucb] pick 3/5: min-d_batch=0.874, min-d_hist=0.617
2025-10-12 07:58:00,447 - INFO - [bucb] step 4/5: rho=0.75 -> masked 1384 / 999565 items
2025-10-12 07:58:00,457 - INFO - [bucb] pick 4/5: min-d_batch=0.869, min-d_hist=0.811
2025-10-12 07:58:15,111 - INFO - [bucb] step 5/5: rho=0.75 -> masked 1566 / 999565 items
2025-10-12 07:58:15,121 - INFO - [bucb] pick 5/5: min-d_batch=0.856, min-d_hist=0.691
2025-10-12 07:58:18,289 - INFO - [round 85] pick 1/5: O=C(c1ccc(F)cc1)C1(O)CCN(CCn2c(=O)nc3n(c2=O)CCCC3)CC1 | UCB=1.467 | mu=0.5999 | std=0.8666 | f=0.6306 | min-d_batch=1.000 | min-d_hist=0.772
2025-10-12 07:58:19,332 - INFO - [round 85] pick 2/5: Cc1cc(Nc2nc(Sc3ccc(NC(=O)CN4CCC(C(=O)N5CCC(O)CC5)C4)cc3)nn3cccc23)n[nH]1 | UCB=1.466 | mu=0.6092 | std=0.857 | f=0.6245 | min-d_batch=0.842 | min-d_hist=0.724
2025-10-12 07:58:20,378 - INFO - [round 85] pick 3/5: COc1ccc2cc(S(=O)(=O)NC(CCCN=C(N)N)C(=O)N3CCC(C)CC3C(=O)O)cc(OC)c2c1 | UCB=1.455 | mu=0.6236 | std=0.8317 | f=0.6297 | min-d_batch=0.874 | min-d_hist=0.617
2025-10-12 07:58:21,421 - INFO - [round 85] pick 4/5: CC12CCC3C(CCC4(O)CC(O)CCC34C=NNC(=O)c3ccccc3[N+](=O)[O-])C1(O)CCC2C1=CC(=O)OC1 | UCB=1.443 | mu=0.5392 | std=0.9034 | f=0.6711 | min-d_batch=0.869 | min-d_hist=0.811
2025-10-12 07:58:22,471 - INFO - [round 85] pick 5/5: NC(C(=O)NC1C(=O)N2C(C(=O)O)=C(CSc3c[nH]nn3)CSC12)c1ccc2c(c1)CCO2 | UCB=1.451 | mu=0.576 | std=0.875 | f=0.5359 | min-d_batch=0.856 | min-d_hist=0.691
2025-10-12 07:58:23,528 - INFO - Round 85 done in 2628.32s; train size=440
2025-10-12 07:58:23,528 - INFO - 
--- Round 86 | trial=3 | sqrt_beta=1.0000 (beta=1.0000) | rho=0.75 | pack=batch | train size=440 ---
2025-10-12 08:42:05,715 - INFO - [bucb] step 1/5: rho=0.75 -> masked 0 / 999560 items
2025-10-12 08:42:05,722 - INFO - [bucb] pick 1/5: min-d_batch=1.000, min-d_hist=0.686
2025-10-12 08:42:11,761 - INFO - [bucb] step 2/5: rho=0.75 -> masked 986 / 999560 items
2025-10-12 08:42:11,771 - INFO - [bucb] pick 2/5: min-d_batch=0.870, min-d_hist=0.745
2025-10-12 08:42:20,242 - INFO - [bucb] step 3/5: rho=0.75 -> masked 1772 / 999560 items
2025-10-12 08:42:20,252 - INFO - [bucb] pick 3/5: min-d_batch=0.838, min-d_hist=0.754
2025-10-12 08:42:31,647 - INFO - [bucb] step 4/5: rho=0.75 -> masked 2293 / 999560 items
2025-10-12 08:42:31,657 - INFO - [bucb] pick 4/5: min-d_batch=0.844, min-d_hist=0.798
2025-10-12 08:42:46,175 - INFO - [bucb] step 5/5: rho=0.75 -> masked 2474 / 999560 items
2025-10-12 08:42:46,185 - INFO - [bucb] pick 5/5: min-d_batch=0.866, min-d_hist=0.762
2025-10-12 08:42:49,066 - INFO - [round 86] pick 1/5: CCC1(OC(=O)CN2CCN(CCO)CC2)C(=O)OCc2c1cc1n(c2=O)Cc2cc3ccccc3nc2-1 | UCB=1.467 | mu=0.6254 | std=0.8415 | f=0.6231 | min-d_batch=1.000 | min-d_hist=0.686
2025-10-12 08:42:50,145 - INFO - [round 86] pick 2/5: NC(=O)c1ccc(-c2cc(C(=O)NC3CCCCC3O)cnc2OCC2CC2)cc1 | UCB=1.463 | mu=0.6148 | std=0.8487 | f=0.6606 | min-d_batch=0.870 | min-d_hist=0.745
2025-10-12 08:42:51,211 - INFO - [round 86] pick 3/5: CC1COc2c(N3CCC(O)(c4ccc(Cl)cc4)CC3)c(F)c([N+](=O)[O-])c3c(=O)c(C(=O)O)cn1c23 | UCB=1.463 | mu=0.5942 | std=0.8691 | f=0.6115 | min-d_batch=0.838 | min-d_hist=0.754
2025-10-12 08:42:52,281 - INFO - [round 86] pick 4/5: CC#CC1(O)CCC2C3CCC4=CC(=O)CCC4=C3C(c3ccc(OCC(O)CC(O)CC(=O)O)cc3)CC21C | UCB=1.46 | mu=0.5618 | std=0.8986 | f=0.6544 | min-d_batch=0.844 | min-d_hist=0.798
2025-10-12 08:42:53,355 - INFO - [round 86] pick 5/5: O=CNCCCCC(NC(=O)C1COC(c2ccccc2O)=N1)C(=O)O | UCB=1.445 | mu=0.5697 | std=0.8751 | f=0.5869 | min-d_batch=0.866 | min-d_hist=0.762
2025-10-12 08:42:54,433 - INFO - Round 86 done in 2670.91s; train size=445
2025-10-12 08:42:54,433 - INFO - 
--- Round 87 | trial=3 | sqrt_beta=1.0000 (beta=1.0000) | rho=0.75 | pack=batch | train size=445 ---
2025-10-12 09:27:13,020 - INFO - [bucb] step 1/5: rho=0.75 -> masked 0 / 999555 items
2025-10-12 09:27:13,028 - INFO - [bucb] pick 1/5: min-d_batch=1.000, min-d_hist=0.773
2025-10-12 09:27:18,845 - INFO - [bucb] step 2/5: rho=0.75 -> masked 117 / 999555 items
2025-10-12 09:27:18,855 - INFO - [bucb] pick 2/5: min-d_batch=0.877, min-d_hist=0.704
2025-10-12 09:27:27,250 - INFO - [bucb] step 3/5: rho=0.75 -> masked 928 / 999555 items
2025-10-12 09:27:27,261 - INFO - [bucb] pick 3/5: min-d_batch=0.846, min-d_hist=0.697
2025-10-12 09:27:38,981 - INFO - [bucb] step 4/5: rho=0.75 -> masked 1988 / 999555 items
2025-10-12 09:27:38,991 - INFO - [bucb] pick 4/5: min-d_batch=0.866, min-d_hist=0.773
2025-10-12 09:27:53,324 - INFO - [bucb] step 5/5: rho=0.75 -> masked 2091 / 999555 items
2025-10-12 09:27:53,334 - INFO - [bucb] pick 5/5: min-d_batch=0.859, min-d_hist=0.775
2025-10-12 09:27:56,599 - INFO - [round 87] pick 1/5: CC12CCC(=O)C=C1CCC1C2=CCC2(C)C1CCC2(O)C(=O)CN1CCN(Cc2ncccc2O)CC1 | UCB=1.469 | mu=0.5841 | std=0.8851 | f=0.6849 | min-d_batch=1.000 | min-d_hist=0.773
2025-10-12 09:27:57,693 - INFO - [round 87] pick 2/5: N=C(N)c1ccc(C(=O)Nc2ccc3c(c2)CCC(CC(=O)O)C3=O)cn1 | UCB=1.465 | mu=0.6282 | std=0.8365 | f=0.6103 | min-d_batch=0.877 | min-d_hist=0.704
2025-10-12 09:27:58,791 - INFO - [round 87] pick 3/5: CCn1cc(C(=O)O)c(=O)c2ccc(N3CCN(CCOc4cc(O)c5c(c4)OC(c4ccc(O)cc4)CC5=O)CC3)nc21 | UCB=1.465 | mu=0.621 | std=0.8438 | f=0.674 | min-d_batch=0.846 | min-d_hist=0.697
2025-10-12 09:27:59,893 - INFO - [round 87] pick 4/5: CC1(CC(O)C(=O)N2CC3CC3C2C(=O)NCc2cc(Cl)ccc2-n2cnnn2)CC1 | UCB=1.45 | mu=0.561 | std=0.8886 | f=0.5888 | min-d_batch=0.866 | min-d_hist=0.773
2025-10-12 09:28:01,005 - INFO - [round 87] pick 5/5: CC(=O)NC(CCCCN=C(N1CCCC1)N1CCCC1)C(=O)NC(Cc1c(Sc2ncccc2[N+](=O)[O-])[nH]c2ccccc12)C(N)=O | UCB=1.456 | mu=0.5802 | std=0.8755 | f=0.5763 | min-d_batch=0.859 | min-d_hist=0.775
2025-10-12 09:28:02,115 - INFO - Round 87 done in 2707.68s; train size=450
2025-10-12 09:28:02,115 - INFO - 
--- Round 88 | trial=3 | sqrt_beta=1.0000 (beta=1.0000) | rho=0.75 | pack=batch | train size=450 ---
2025-10-12 10:15:04,760 - INFO - [bucb] step 1/5: rho=0.75 -> masked 0 / 999550 items
2025-10-12 10:15:04,767 - INFO - [bucb] pick 1/5: min-d_batch=1.000, min-d_hist=0.741
2025-10-12 10:15:10,822 - INFO - [bucb] step 2/5: rho=0.75 -> masked 131 / 999550 items
2025-10-12 10:15:10,832 - INFO - [bucb] pick 2/5: min-d_batch=0.876, min-d_hist=0.765
2025-10-12 10:15:18,861 - INFO - [bucb] step 3/5: rho=0.75 -> masked 555 / 999550 items
2025-10-12 10:15:18,871 - INFO - [bucb] pick 3/5: min-d_batch=0.878, min-d_hist=0.781
2025-10-12 10:15:30,381 - INFO - [bucb] step 4/5: rho=0.75 -> masked 701 / 999550 items
2025-10-12 10:15:30,392 - INFO - [bucb] pick 4/5: min-d_batch=0.851, min-d_hist=0.744
2025-10-12 10:15:44,558 - INFO - [bucb] step 5/5: rho=0.75 -> masked 1129 / 999550 items
2025-10-12 10:15:44,568 - INFO - [bucb] pick 5/5: min-d_batch=0.864, min-d_hist=0.800
2025-10-12 10:15:47,617 - INFO - [round 88] pick 1/5: CS(=O)(=O)N1CCC(CN(C(=O)Nc2cc(Cl)nc(Cl)c2)C2CCC3(c4cccc(CN5CCC(O)C5)c4)CC3C2)CC1 | UCB=1.468 | mu=0.5979 | std=0.8699 | f=0.5722 | min-d_batch=1.000 | min-d_hist=0.741
2025-10-12 10:15:48,724 - INFO - [round 88] pick 2/5: CCOc1ccc(C2C3=C(CCCC3=O)N(CC(=O)O)C3=C2C(=O)CCC3)cc1 | UCB=1.465 | mu=0.5904 | std=0.875 | f=0.586 | min-d_batch=0.876 | min-d_hist=0.765
2025-10-12 10:15:49,820 - INFO - [round 88] pick 3/5: CC(=O)OC(CC1=C(O)C(=O)OC1)C1(C)C2CCC=C(C)C2(C)C(OC(=O)c2cccnc2)C(O)C1(C)O | UCB=1.454 | mu=0.55 | std=0.904 | f=0.5699 | min-d_batch=0.878 | min-d_hist=0.781
2025-10-12 10:15:50,938 - INFO - [round 88] pick 4/5: CC1(C)CCN(c2ccc(O)c(C(=O)c3ccc(C(=O)NC4CCCNCC4NC(=O)c4ccncc4)cc3)c2)CC1 | UCB=1.464 | mu=0.5967 | std=0.8673 | f=0.6989 | min-d_batch=0.851 | min-d_hist=0.744
2025-10-12 10:15:52,061 - INFO - [round 88] pick 5/5: Cc1nc(N)ccc1CNC(=O)C1C=CCn2c(=O)n(C(CSCC(O)CO)C(=O)O)c(=O)n21 | UCB=1.45 | mu=0.5534 | std=0.8963 | f=0.5659 | min-d_batch=0.864 | min-d_hist=0.800
2025-10-12 10:15:53,182 - INFO - Round 88 done in 2871.07s; train size=455
2025-10-12 10:15:53,182 - INFO - 
--- Round 89 | trial=3 | sqrt_beta=1.0000 (beta=1.0000) | rho=0.75 | pack=batch | train size=455 ---
2025-10-12 10:59:37,977 - INFO - [bucb] step 1/5: rho=0.75 -> masked 0 / 999545 items
2025-10-12 10:59:37,984 - INFO - [bucb] pick 1/5: min-d_batch=1.000, min-d_hist=0.750
2025-10-12 10:59:42,803 - INFO - [bucb] step 2/5: rho=0.75 -> masked 233 / 999545 items
2025-10-12 10:59:42,813 - INFO - [bucb] pick 2/5: min-d_batch=0.856, min-d_hist=0.737
2025-10-12 10:59:51,024 - INFO - [bucb] step 3/5: rho=0.75 -> masked 2337 / 999545 items
2025-10-12 10:59:51,034 - INFO - [bucb] pick 3/5: min-d_batch=0.844, min-d_hist=0.768
2025-10-12 11:00:01,978 - INFO - [bucb] step 4/5: rho=0.75 -> masked 3522 / 999545 items
2025-10-12 11:00:01,988 - INFO - [bucb] pick 4/5: min-d_batch=0.856, min-d_hist=0.801
2025-10-12 11:00:15,849 - INFO - [bucb] step 5/5: rho=0.75 -> masked 3596 / 999545 items
2025-10-12 11:00:15,859 - INFO - [bucb] pick 5/5: min-d_batch=0.850, min-d_hist=0.776
2025-10-12 11:00:18,913 - INFO - [round 89] pick 1/5: O=C(O)C1CCN(c2nc3ccc([N+](=O)[O-])cc3nc2N2CCC(C(=O)O)CC2)CC1 | UCB=1.466 | mu=0.6145 | std=0.8517 | f=0.6138 | min-d_batch=1.000 | min-d_hist=0.750
2025-10-12 11:00:20,031 - INFO - [round 89] pick 2/5: CCCCC1=NC2(CCN(C(=O)C(N)CC(=O)O)CC2)C(=O)N1Cc1ccc(-c2ccccc2C(=O)O)cc1 | UCB=1.466 | mu=0.6197 | std=0.8463 | f=0.7015 | min-d_batch=0.856 | min-d_hist=0.737
2025-10-12 11:00:21,155 - INFO - [round 89] pick 3/5: CC(=O)NC(C)c1ccc(OC2CCN(c3ccnc(NCC4(O)CCC4)c3F)C2)cc1 | UCB=1.465 | mu=0.5937 | std=0.8713 | f=0.6314 | min-d_batch=0.844 | min-d_hist=0.768
2025-10-12 11:00:22,297 - INFO - [round 89] pick 4/5: C=CC1=C2C=C(C3CC3)N(CCCCO)C=C2C(=O)C(C)(OC(=O)c2ccco2)C1=O | UCB=1.447 | mu=0.5451 | std=0.9021 | f=0.6465 | min-d_batch=0.856 | min-d_hist=0.801
2025-10-12 11:00:23,446 - INFO - [round 89] pick 5/5: Nc1ncnc2ncn(C3CC(COS(=O)(=O)NC(=O)c4ccccc4O)C(O)C3O)c12 | UCB=1.45 | mu=0.5581 | std=0.8915 | f=0.5629 | min-d_batch=0.850 | min-d_hist=0.776
2025-10-12 11:00:24,593 - INFO - Round 89 done in 2671.41s; train size=460
2025-10-12 11:00:24,593 - INFO - 
--- Round 90 | trial=3 | sqrt_beta=1.0000 (beta=1.0000) | rho=0.75 | pack=batch | train size=460 ---
2025-10-12 11:45:57,745 - INFO - [bucb] step 1/5: rho=0.75 -> masked 0 / 999540 items
2025-10-12 11:45:57,753 - INFO - [bucb] pick 1/5: min-d_batch=1.000, min-d_hist=0.741
